"scenario","nS","nT","d","em_sd","kappa","rho_T","method","reference","cov_diff","cov_diff_mcse","discordant","n"
1,500,200,0,0,0,0.3,"target-fixed","joint-score",-0.00180000000000002,0.000599459756781054,9,5000
1,500,200,0,0,0,0.3,"normal-recon","joint-score",-0.000400000000000067,0.000489865287604664,6,5000
1,500,200,0,0,0,0.3,"reported-cov","joint-score",-0.000400000000000067,0.000489865287604664,6,5000
2,500,200,0,0,0,0.6,"target-fixed","joint-score",-0.000399999999999956,0.0003999599979998,4,5000
2,500,200,0,0,0,0.6,"normal-recon","joint-score",0.000600000000000045,0.000346306222872186,3,5000
2,500,200,0,0,0,0.6,"reported-cov","joint-score",0.000199999999999978,0.000346398614315935,3,5000
3,500,200,0,0.45,0,0.3,"target-fixed","joint-score",-0.00539999999999996,0.00114637166747962,33,5000
3,500,200,0,0.45,0,0.3,"normal-recon","joint-score",0.00140000000000007,0.000916301260503335,21,5000
3,500,200,0,0.45,0,0.3,"reported-cov","joint-score",0.000600000000000045,0.000824577467555354,17,5000
4,500,200,0,0.45,0,0.6,"target-fixed","joint-score",-0.00559999999999994,0.00116349817361266,34,5000
4,500,200,0,0.45,0,0.6,"normal-recon","joint-score",0.00180000000000002,0.000916161557805172,21,5000
4,500,200,0,0.45,0,0.6,"reported-cov","joint-score",0.000200000000000089,0.000959162134365197,23,5000
5,500,200,0,0.45,0.5,0.3,"target-fixed","joint-score",-0.00180000000000002,0.000774178274042872,15,5000
5,500,200,0,0.45,0.5,0.3,"normal-recon","joint-score",0.00339999999999996,0.0008232180756033,17,5000
5,500,200,0,0.45,0.5,0.3,"reported-cov","joint-score",0.00319999999999998,0.000798718974358316,16,5000
6,500,200,0,0.45,0.5,0.6,"target-fixed","joint-score",-0.00140000000000007,0.000663029411112358,11,5000
6,500,200,0,0.45,0.5,0.6,"normal-recon","joint-score",0.00279999999999991,0.000847603680973602,18,5000
6,500,200,0,0.45,0.5,0.6,"reported-cov","joint-score",0.002,0.000747796763833597,14,5000
7,500,200,0,0.45,1,0.3,"target-fixed","joint-score",0.00180000000000002,0.000916161557805172,21,5000
7,500,200,0,0.45,1,0.3,"normal-recon","joint-score",0.00680000000000003,0.00116221856808433,34,5000
7,500,200,0,0.45,1,0.3,"reported-cov","joint-score",0.006,0.00112818438209364,32,5000
8,500,200,0,0.45,1,0.6,"target-fixed","joint-score",0.00160000000000005,0.000937810215342102,22,5000
8,500,200,0,0.45,1,0.6,"normal-recon","joint-score",0.00680000000000003,0.00116221856808433,34,5000
8,500,200,0,0.45,1,0.6,"reported-cov","joint-score",0.00619999999999998,0.00111009549138802,31,5000
9,500,200,0,0.9,0,0.3,"target-fixed","joint-score",-0.0138,0.00164982180855994,69,5000
9,500,200,0,0.9,0,0.3,"normal-recon","joint-score",0.00119999999999998,0.000979648916704347,24,5000
9,500,200,0,0.9,0,0.3,"reported-cov","joint-score",0.000400000000000067,0.000848509281033508,18,5000
10,500,200,0,0.9,0,0.6,"target-fixed","joint-score",-0.016,0.00177448584102551,80,5000
10,500,200,0,0.9,0,0.6,"normal-recon","joint-score",0.00259999999999994,0.000871004018360421,19,5000
10,500,200,0,0.9,0,0.6,"reported-cov","joint-score",-0.000400000000000067,0.000894409302277207,20,5000
11,500,200,0,0.9,0.5,0.3,"target-fixed","joint-score",-0.000800000000000023,0.00105824004838222,28,5000
11,500,200,0,0.9,0.5,0.3,"normal-recon","joint-score",0.00880000000000003,0.00132079975772257,44,5000
11,500,200,0,0.9,0.5,0.3,"reported-cov","joint-score",0.00819999999999999,0.00127536347760158,41,5000
12,500,200,0,0.9,0.5,0.6,"target-fixed","joint-score",-0.000799999999999912,0.000938014925254391,22,5000
12,500,200,0,0.9,0.5,0.6,"normal-recon","joint-score",0.00940000000000007,0.00136467138901642,47,5000
12,500,200,0,0.9,0.5,0.6,"reported-cov","joint-score",0.00760000000000005,0.00122818891055082,38,5000
13,500,200,0,0.9,1,0.3,"target-fixed","joint-score",0.00560000000000005,0.00123033653932572,38,5000
13,500,200,0,0.9,1,0.3,"normal-recon","joint-score",0.0144000000000001,0.00168479316237929,72,5000
13,500,200,0,0.9,1,0.3,"reported-cov","joint-score",0.014,0.00166156552684509,70,5000
14,500,200,0,0.9,1,0.6,"target-fixed","joint-score",0.00539999999999996,0.00124666274509187,39,5000
14,500,200,0,0.9,1,0.6,"normal-recon","joint-score",0.0124,0.00159036096531574,64,5000
14,500,200,0,0.9,1,0.6,"reported-cov","joint-score",0.012,0.00153987012439361,60,5000
15,500,200,0.4,0,0,0.3,"target-fixed","joint-score",-0.00280000000000002,0.000747283078893133,14,5000
15,500,200,0.4,0,0,0.3,"normal-recon","joint-score",-0.000399999999999956,0.000489865287604664,6,5000
15,500,200,0.4,0,0,0.3,"reported-cov","joint-score",-0.000399999999999956,0.000489865287604664,6,5000
16,500,200,0.4,0,0,0.6,"target-fixed","joint-score",-0.00160000000000005,0.000747989304736371,14,5000
16,500,200,0.4,0,0,0.6,"normal-recon","joint-score",0.001,0.000774467559036529,15,5000
16,500,200,0.4,0,0,0.6,"reported-cov","joint-score",0.000399999999999956,0.00069279722863187,12,5000
17,500,200,0.4,0.45,0,0.3,"target-fixed","joint-score",-0.00459999999999994,0.0011116510243777,31,5000
17,500,200,0.4,0.45,0,0.3,"normal-recon","joint-score",0.002,0.000799499843652267,16,5000
17,500,200,0.4,0.45,0,0.3,"reported-cov","joint-score",0.00160000000000005,0.000894140928489464,20,5000
18,500,200,0.4,0.45,0,0.6,"target-fixed","joint-score",-0.00679999999999992,0.00116221856808433,34,5000
18,500,200,0.4,0.45,0,0.6,"normal-recon","joint-score",0.000199999999999978,0.000663318927816778,11,5000
18,500,200,0.4,0.45,0,0.6,"reported-cov","joint-score",0,0.000748331477354788,14,5000
19,500,200,0.4,0.45,0.5,0.3,"target-fixed","joint-score",-0.00180000000000002,0.000871408055964598,19,5000
19,500,200,0.4,0.45,0.5,0.3,"normal-recon","joint-score",0.002,0.00089397986554508,20,5000
19,500,200,0.4,0.45,0.5,0.3,"reported-cov","joint-score",0.002,0.00089397986554508,20,5000
20,500,200,0.4,0.45,0.5,0.6,"target-fixed","joint-score",-0.00159999999999993,0.000799679935974387,16,5000
20,500,200,0.4,0.45,0.5,0.6,"normal-recon","joint-score",0.00160000000000005,0.000565232695444982,8,5000
20,500,200,0.4,0.45,0.5,0.6,"reported-cov","joint-score",0.00140000000000007,0.000528779727296726,7,5000
21,500,200,0.4,0.45,1,0.3,"target-fixed","joint-score",0.001,0.00066317418526357,11,5000
21,500,200,0.4,0.45,1,0.3,"normal-recon","joint-score",0.004,0.000892636544176856,20,5000
21,500,200,0.4,0.45,1,0.3,"reported-cov","joint-score",0.00379999999999991,0.000870121830550182,19,5000
22,500,200,0.4,0.45,1,0.6,"target-fixed","joint-score",-0.000599999999999934,0.000824577467555354,17,5000
22,500,200,0.4,0.45,1,0.6,"normal-recon","joint-score",0.005,0.00107470926301023,29,5000
22,500,200,0.4,0.45,1,0.6,"reported-cov","joint-score",0.00480000000000003,0.00105612120516539,28,5000
23,500,200,0.4,0.9,0,0.3,"target-fixed","joint-score",-0.0117999999999999,0.00152713850059515,59,5000
23,500,200,0.4,0.9,0,0.3,"normal-recon","joint-score",-0.000199999999999978,0.000871775200381383,19,5000
23,500,200,0.4,0.9,0,0.3,"reported-cov","joint-score",-0.000399999999999956,0.000848509281033508,18,5000
24,500,200,0.4,0.9,0,0.6,"target-fixed","joint-score",-0.017,0.00182816848238886,85,5000
24,500,200,0.4,0.9,0,0.6,"normal-recon","joint-score",0.00239999999999996,0.000979207843105844,24,5000
24,500,200,0.4,0.9,0,0.6,"reported-cov","joint-score",0.000800000000000023,0.00089435563396224,20,5000
25,500,200,0.4,0.9,0.5,0.3,"target-fixed","joint-score",-0.00379999999999991,0.00114765500042478,33,5000
25,500,200,0.4,0.9,0.5,0.3,"normal-recon","joint-score",0.00900000000000001,0.00136521060646334,47,5000
25,500,200,0.4,0.9,0.5,0.3,"reported-cov","joint-score",0.00860000000000005,0.00133611676136481,45,5000
26,500,200,0.4,0.9,0.5,0.6,"target-fixed","joint-score",-0.00480000000000003,0.00123101259132472,38,5000
26,500,200,0.4,0.9,0.5,0.6,"normal-recon","joint-score",0.00819999999999999,0.00127536347760158,41,5000
26,500,200,0.4,0.9,0.5,0.6,"reported-cov","joint-score",0.00719999999999998,0.00119567219587979,36,5000
27,500,200,0.4,0.9,1,0.3,"target-fixed","joint-score",0.00179999999999991,0.000999675947494987,25,5000
27,500,200,0.4,0.9,1,0.3,"normal-recon","joint-score",0.00900000000000001,0.00133558975737312,45,5000
27,500,200,0.4,0.9,1,0.3,"reported-cov","joint-score",0.00900000000000001,0.00133558975737312,45,5000
28,500,200,0.4,0.9,1,0.6,"target-fixed","joint-score",0.00380000000000003,0.00127949677608035,41,5000
28,500,200,0.4,0.9,1,0.6,"normal-recon","joint-score",0.0144000000000001,0.00168479316237929,72,5000
28,500,200,0.4,0.9,1,0.6,"reported-cov","joint-score",0.0136000000000001,0.00163798901095215,68,5000
29,500,200,0.8,0,0,0.3,"target-fixed","joint-score",-0.00819999999999999,0.00127536347760158,41,5000
29,500,200,0.8,0,0,0.3,"normal-recon","joint-score",-0.000799999999999912,0.000748245948869755,14,5000
29,500,200,0.8,0,0,0.3,"reported-cov","joint-score",-0.000599999999999934,0.000663270683808654,11,5000
30,500,200,0.8,0,0,0.6,"target-fixed","joint-score",-0.00640000000000007,0.00112774465194919,32,5000
30,500,200,0.8,0,0,0.6,"normal-recon","joint-score",-0.001,0.000916406023550697,21,5000
30,500,200,0.8,0,0,0.6,"reported-cov","joint-score",-0.000800000000000023,0.000748245948869755,14,5000
31,500,200,0.8,0.45,0,0.3,"target-fixed","joint-score",-0.0104000000000001,0.00143470136265357,52,5000
31,500,200,0.8,0.45,0,0.3,"normal-recon","joint-score",-0.001,0.000774467559036529,15,5000
31,500,200,0.8,0.45,0,0.3,"reported-cov","joint-score",-0.00120000000000009,0.000748139024513492,14,5000
32,500,200,0.8,0.45,0,0.6,"target-fixed","joint-score",-0.00959999999999994,0.00137897353129058,48,5000
32,500,200,0.8,0.45,0,0.6,"normal-recon","joint-score",-0.000799999999999912,0.0007999199959996,16,5000
32,500,200,0.8,0.45,0,0.6,"reported-cov","joint-score",-0.000399999999999956,0.00069279722863187,12,5000
33,500,200,0.8,0.45,0.5,0.3,"target-fixed","joint-score",-0.00800000000000001,0.00125984125984189,40,5000
33,500,200,0.8,0.45,0.5,0.3,"normal-recon","joint-score",0.00319999999999998,0.000936990928451284,22,5000
33,500,200,0.8,0.45,0.5,0.3,"reported-cov","joint-score",0.00219999999999998,0.000915986899469638,21,5000
34,500,200,0.8,0.45,0.5,0.6,"target-fixed","joint-score",-0.01000200040008,0.00143555572684065,52,4999
34,500,200,0.8,0.45,0.5,0.6,"normal-recon","joint-score",0.000800160032006447,0.000894534526552707,20,4999
34,500,200,0.8,0.45,0.5,0.6,"reported-cov","joint-score",0.000800160032006447,0.000800079995993997,16,4999
35,500,200,0.8,0.45,1,0.3,"target-fixed","joint-score",-0.00400080016003201,0.0011301815043933,32,4999
35,500,200,0.8,0.45,1,0.3,"normal-recon","joint-score",0.00500100020004002,0.00121473831603641,37,4999
35,500,200,0.8,0.45,1,0.3,"reported-cov","joint-score",0.00500100020004002,0.00121473831603641,37,4999
36,500,200,0.8,0.45,1,0.6,"target-fixed","joint-score",-0.00480000000000003,0.00112933254624136,32,5000
36,500,200,0.8,0.45,1,0.6,"normal-recon","joint-score",0.004,0.00109398354649419,30,5000
36,500,200,0.8,0.45,1,0.6,"reported-cov","joint-score",0.00439999999999996,0.00101790372825725,26,5000
37,500,200,0.8,0.9,0,0.3,"target-fixed","joint-score",-0.0197999999999999,0.00197017562668915,99,5000
37,500,200,0.8,0.9,0,0.3,"normal-recon","joint-score",-0.00159999999999993,0.00101955284316214,26,5000
37,500,200,0.8,0.9,0,0.3,"reported-cov","joint-score",-0.00119999999999998,0.000979648916704347,24,5000
38,500,200,0.8,0.9,0,0.6,"target-fixed","joint-score",-0.0176000000000001,0.00185958274889826,88,5000
38,500,200,0.8,0.9,0,0.6,"normal-recon","joint-score",0.001,0.0009998999949995,25,5000
38,500,200,0.8,0.9,0,0.6,"reported-cov","joint-score",-0.000400000000000067,0.000979779567045567,24,5000
39,500,200,0.8,0.9,0.5,0.3,"target-fixed","joint-score",-0.00719999999999998,0.00122867082654387,38,5000
39,500,200,0.8,0.9,0.5,0.3,"normal-recon","joint-score",0.005,0.00107470926301023,29,5000
39,500,200,0.8,0.9,0.5,0.3,"reported-cov","joint-score",0.00559999999999994,0.00109257860129146,30,5000
40,500,200,0.8,0.9,0.5,0.6,"target-fixed","joint-score",-0.00980000000000003,0.00142154563767752,51,5000
40,500,200,0.8,0.9,0.5,0.6,"normal-recon","joint-score",0.00659999999999994,0.00124550712563197,39,5000
40,500,200,0.8,0.9,0.5,0.6,"reported-cov","joint-score",0.00519999999999998,0.00112897829917142,32,5000
41,500,200,0.8,0.9,1,0.3,"target-fixed","joint-score",-0.000400000000000067,0.00113135670767446,32,5000
41,500,200,0.8,0.9,1,0.3,"normal-recon","joint-score",0.0122,0.00155249218999646,61,5000
41,500,200,0.8,0.9,1,0.3,"reported-cov","joint-score",0.0122,0.00157804689410676,63,5000
42,500,200,0.8,0.9,1,0.6,"target-fixed","joint-score",-0.00339999999999996,0.00111251426957141,31,5000
42,500,200,0.8,0.9,1,0.6,"normal-recon","joint-score",0.0108,0.0015154774825117,58,5000
42,500,200,0.8,0.9,1,0.6,"reported-cov","joint-score",0.0104,0.00148941867854543,56,5000
43,500,500,0,0,0,0.3,"target-fixed","joint-score",-0.000599999999999934,0.000346306222872186,3,5000
43,500,500,0,0,0,0.3,"normal-recon","joint-score",0.000200000000000089,0.0001999799989999,1,5000
43,500,500,0,0,0,0.3,"reported-cov","joint-score",0.000200000000000089,0.0001999799989999,1,5000
44,500,500,0,0,0,0.6,"target-fixed","joint-score",-0.000200000000000089,0.000346398614315935,3,5000
44,500,500,0,0,0,0.6,"normal-recon","joint-score",0.000199999999999978,0.000346398614315935,3,5000
44,500,500,0,0,0,0.6,"reported-cov","joint-score",0.000399999999999956,0.0003999599979998,4,5000
45,500,500,0,0.45,0,0.3,"target-fixed","joint-score",-0.003,0.00077343390150678,15,5000
45,500,500,0,0.45,0,0.3,"normal-recon","joint-score",0.000599999999999934,0.000529082224233625,7,5000
45,500,500,0,0.45,0,0.3,"reported-cov","joint-score",0.001,0.000528961246217528,7,5000
46,500,500,0,0.45,0,0.6,"target-fixed","joint-score",-0.003,0.00077343390150678,15,5000
46,500,500,0,0.45,0,0.6,"normal-recon","joint-score",0.000400000000000067,0.000489865287604664,6,5000
46,500,500,0,0.45,0,0.6,"reported-cov","joint-score",0,0.000489897948556636,6,5000
47,500,500,0,0.45,0.5,0.3,"target-fixed","joint-score",-0.001,0.00044698993277254,5,5000
47,500,500,0,0.45,0.5,0.3,"normal-recon","joint-score",0.00259999999999994,0.000773723464811557,15,5000
47,500,500,0,0.45,0.5,0.3,"reported-cov","joint-score",0.00259999999999994,0.000720172201629583,13,5000
48,500,500,0,0.45,0.5,0.6,"target-fixed","joint-score",-0.00119999999999998,0.000489603921552922,6,5000
48,500,500,0,0.45,0.5,0.6,"normal-recon","joint-score",0.00380000000000003,0.000870121830550182,19,5000
48,500,500,0,0.45,0.5,0.6,"reported-cov","joint-score",0.00339999999999996,0.0008232180756033,17,5000
49,500,500,0,0.45,1,0.3,"target-fixed","joint-score",0.000800000000000023,0.000565572276548276,8,5000
49,500,500,0,0.45,1,0.3,"normal-recon","joint-score",0.00380000000000003,0.000870121830550182,19,5000
49,500,500,0,0.45,1,0.3,"reported-cov","joint-score",0.004,0.000892636544176856,20,5000
50,500,500,0,0.45,1,0.6,"target-fixed","joint-score",0.00160000000000005,0.000799679935974387,16,5000
50,500,500,0,0.45,1,0.6,"normal-recon","joint-score",0.005,0.000997496867163,25,5000
50,500,500,0,0.45,1,0.6,"reported-cov","joint-score",0.00460000000000005,0.000956957679315026,23,5000
51,500,500,0,0.9,0,0.3,"target-fixed","joint-score",-0.00980000000000003,0.00139312311013779,49,5000
51,500,500,0,0.9,0,0.3,"normal-recon","joint-score",0.000400000000000067,0.000565657139970849,8,5000
51,500,500,0,0.9,0,0.3,"reported-cov","joint-score",0.000600000000000045,0.000447133089806603,5,5000
52,500,500,0,0.9,0,0.6,"target-fixed","joint-score",-0.0112,0.00148825804214189,56,5000
52,500,500,0,0.9,0,0.6,"normal-recon","joint-score",0.00120000000000009,0.000748139024513492,14,5000
52,500,500,0,0.9,0,0.6,"reported-cov","joint-score",-0.001,0.000599833310178753,9,5000
53,500,500,0,0.9,0.5,0.3,"target-fixed","joint-score",-0.002,0.000979387563735623,24,5000
53,500,500,0,0.9,0.5,0.3,"normal-recon","joint-score",0.00639999999999996,0.00112774465194919,32,5000
53,500,500,0,0.9,0.5,0.3,"reported-cov","joint-score",0.00679999999999992,0.00116221856808433,34,5000
54,500,500,0,0.9,0.5,0.6,"target-fixed","joint-score",-0.00339999999999996,0.000957960333208009,23,5000
54,500,500,0,0.9,0.5,0.6,"normal-recon","joint-score",0.00540000000000007,0.00103642076397571,27,5000
54,500,500,0,0.9,0.5,0.6,"reported-cov","joint-score",0.00460000000000005,0.000956957679315026,23,5000
55,500,500,0,0.9,1,0.3,"target-fixed","joint-score",0.00520000000000009,0.00101714895664303,26,5000
55,500,500,0,0.9,1,0.3,"normal-recon","joint-score",0.0106000000000001,0.00144828450243728,53,5000
55,500,500,0,0.9,1,0.3,"reported-cov","joint-score",0.0106000000000001,0.00144828450243728,53,5000
56,500,500,0,0.9,1,0.6,"target-fixed","joint-score",0.00360000000000005,0.000846999409681022,18,5000
56,500,500,0,0.9,1,0.6,"normal-recon","joint-score",0.0114000000000001,0.00150133540556399,57,5000
56,500,500,0,0.9,1,0.6,"reported-cov","joint-score",0.011,0.00147505932084103,55,5000
57,500,500,0.4,0,0,0.3,"target-fixed","joint-score",-0.00139999999999996,0.000528779727296726,7,5000
57,500,500,0.4,0,0,0.3,"normal-recon","joint-score",0.000199999999999978,0.0001999799989999,1,5000
57,500,500,0.4,0,0,0.3,"reported-cov","joint-score",0,0.000282842712474619,2,5000
58,500,500,0.4,0,0,0.6,"target-fixed","joint-score",-0.000800000000000023,0.000399839967987194,4,5000
58,500,500,0.4,0,0,0.6,"normal-recon","joint-score",0.000199999999999978,0.000346398614315935,3,5000
58,500,500,0.4,0,0,0.6,"reported-cov","joint-score",-0.000199999999999978,0.000346398614315935,3,5000
59,500,500,0.4,0.45,0,0.3,"target-fixed","joint-score",-0.00459999999999994,0.000956957679315026,23,5000
59,500,500,0.4,0.45,0,0.3,"normal-recon","joint-score",0.000200000000000089,0.000447204651138603,5,5000
59,500,500,0.4,0.45,0,0.3,"reported-cov","joint-score",0.000200000000000089,0.000447204651138603,5,5000
60,500,500,0.4,0.45,0,0.6,"target-fixed","joint-score",-0.00380000000000003,0.000870121830550182,19,5000
60,500,500,0.4,0.45,0,0.6,"normal-recon","joint-score",-0.000800000000000023,0.000489767291680447,6,5000
60,500,500,0.4,0.45,0,0.6,"reported-cov","joint-score",-0.000600000000000045,0.000447133089806603,5,5000
61,500,500,0.4,0.45,0.5,0.3,"target-fixed","joint-score",-0.00219999999999998,0.000720438755204077,13,5000
61,500,500,0.4,0.45,0.5,0.3,"normal-recon","joint-score",0.001,0.000528961246217528,7,5000
61,500,500,0.4,0.45,0.5,0.3,"reported-cov","joint-score",0.00119999999999998,0.000565430809206573,8,5000
62,500,500,0.4,0.45,0.5,0.6,"target-fixed","joint-score",-0.002,0.000631822759957253,10,5000
62,500,500,0.4,0.45,0.5,0.6,"normal-recon","joint-score",0.00179999999999991,0.000599459756781054,9,5000
62,500,500,0.4,0.45,0.5,0.6,"reported-cov","joint-score",0.00159999999999993,0.000565232695444982,8,5000
63,500,500,0.4,0.45,1,0.3,"target-fixed","joint-score",-0.000600000000000045,0.000663270683808654,11,5000
63,500,500,0.4,0.45,1,0.3,"normal-recon","joint-score",0.00259999999999994,0.000720172201629583,13,5000
63,500,500,0.4,0.45,1,0.3,"reported-cov","joint-score",0.00259999999999994,0.000720172201629583,13,5000
64,500,500,0.4,0.45,1,0.6,"target-fixed","joint-score",-0.000399999999999956,0.00063243023330641,10,5000
64,500,500,0.4,0.45,1,0.6,"normal-recon","joint-score",0.00219999999999998,0.000720438755204077,13,5000
64,500,500,0.4,0.45,1,0.6,"reported-cov","joint-score",0.00219999999999998,0.000720438755204077,13,5000
65,500,500,0.4,0.9,0,0.3,"target-fixed","joint-score",-0.00860000000000005,0.00130583613060751,43,5000
65,500,500,0.4,0.9,0,0.3,"normal-recon","joint-score",-0.000200000000000089,0.000447204651138603,5,5000
65,500,500,0.4,0.9,0,0.3,"reported-cov","joint-score",-0.000200000000000089,0.000447204651138603,5,5000
66,500,500,0.4,0.9,0,0.6,"target-fixed","joint-score",-0.00779999999999992,0.00124411896537268,39,5000
66,500,500,0.4,0.9,0,0.6,"normal-recon","joint-score",0.00160000000000005,0.000632050630883318,10,5000
66,500,500,0.4,0.9,0,0.6,"reported-cov","joint-score",0.000400000000000067,0.000489865287604664,6,5000
67,500,500,0.4,0.9,0.5,0.3,"target-fixed","joint-score",-0.00260000000000005,0.000871004018360421,19,5000
67,500,500,0.4,0.9,0.5,0.3,"normal-recon","joint-score",0.00359999999999994,0.000846999409681022,18,5000
67,500,500,0.4,0.9,0.5,0.3,"reported-cov","joint-score",0.00379999999999991,0.000870121830550182,19,5000
68,500,500,0.4,0.9,0.5,0.6,"target-fixed","joint-score",-0.00220000000000009,0.000720438755204077,13,5000
68,500,500,0.4,0.9,0.5,0.6,"normal-recon","joint-score",0.00719999999999998,0.00119567219587979,36,5000
68,500,500,0.4,0.9,0.5,0.6,"reported-cov","joint-score",0.00619999999999998,0.00111009549138802,31,5000
69,500,500,0.4,0.9,1,0.3,"target-fixed","joint-score",0.00259999999999994,0.000720172201629583,13,5000
69,500,500,0.4,0.9,1,0.3,"normal-recon","joint-score",0.00539999999999996,0.00103642076397571,27,5000
69,500,500,0.4,0.9,1,0.3,"reported-cov","joint-score",0.00559999999999994,0.00105533312276267,28,5000
70,500,500,0.4,0.9,1,0.6,"target-fixed","joint-score",0.000199999999999978,0.000529142702869462,7,5000
70,500,500,0.4,0.9,1,0.6,"normal-recon","joint-score",0.00839999999999996,0.00129069283720024,42,5000
70,500,500,0.4,0.9,1,0.6,"reported-cov","joint-score",0.00700000000000001,0.00117906742809731,35,5000
71,500,500,0.8,0,0,0.3,"target-fixed","joint-score",-0.00380000000000003,0.000914938249282431,21,5000
71,500,500,0.8,0,0,0.3,"normal-recon","joint-score",0.000199999999999978,0.000447204651138603,5,5000
71,500,500,0.8,0,0,0.3,"reported-cov","joint-score",0.000199999999999978,0.000447204651138603,5,5000
72,500,500,0.8,0,0,0.6,"target-fixed","joint-score",-0.00319999999999998,0.000798718974358316,16,5000
72,500,500,0.8,0,0,0.6,"normal-recon","joint-score",0,0.000489897948556636,6,5000
72,500,500,0.8,0,0,0.6,"reported-cov","joint-score",0.000199999999999978,0.000529142702869462,7,5000
73,500,500,0.8,0.45,0,0.3,"target-fixed","joint-score",-0.005,0.000997496867163,25,5000
73,500,500,0.8,0.45,0,0.3,"normal-recon","joint-score",0.000400000000000067,0.00069279722863187,12,5000
73,500,500,0.8,0.45,0,0.3,"reported-cov","joint-score",-0.000199999999999978,0.000663318927816778,11,5000
74,500,500,0.8,0.45,0,0.6,"target-fixed","joint-score",-0.00679999999999992,0.00116221856808433,34,5000
74,500,500,0.8,0.45,0,0.6,"normal-recon","joint-score",-0.000599999999999934,0.0005999399969997,9,5000
74,500,500,0.8,0.45,0,0.6,"reported-cov","joint-score",-0.000599999999999934,0.000529082224233625,7,5000
75,500,500,0.8,0.45,0.5,0.3,"target-fixed","joint-score",-0.003,0.00077343390150678,15,5000
75,500,500,0.8,0.45,0.5,0.3,"normal-recon","joint-score",0.000400000000000067,0.0003999599979998,4,5000
75,500,500,0.8,0.45,0.5,0.3,"reported-cov","joint-score",0,0.000282842712474619,2,5000
76,500,500,0.8,0.45,0.5,0.6,"target-fixed","joint-score",-0.00659999999999994,0.00114511484140238,33,5000
76,500,500,0.8,0.45,0.5,0.6,"normal-recon","joint-score",-0.000399999999999956,0.00069279722863187,12,5000
76,500,500,0.8,0.45,0.5,0.6,"reported-cov","joint-score",0.000800000000000023,0.000632354331051824,10,5000
77,500,500,0.8,0.45,1,0.3,"target-fixed","joint-score",-0.00380000000000003,0.000957659647265144,23,5000
77,500,500,0.8,0.45,1,0.3,"normal-recon","joint-score",0.00119999999999998,0.000937929634887394,22,5000
77,500,500,0.8,0.45,1,0.3,"reported-cov","joint-score",0.000800000000000023,0.00089435563396224,20,5000
78,500,500,0.8,0.45,1,0.6,"target-fixed","joint-score",-0.00319999999999998,0.000893281590541303,20,5000
78,500,500,0.8,0.45,1,0.6,"normal-recon","joint-score",0.00380000000000003,0.000957659647265144,23,5000
78,500,500,0.8,0.45,1,0.6,"reported-cov","joint-score",0.00359999999999994,0.000978472278605786,24,5000
79,500,500,0.8,0.9,0,0.3,"target-fixed","joint-score",-0.00960000000000005,0.00137897353129058,48,5000
79,500,500,0.8,0.9,0,0.3,"normal-recon","joint-score",0,0.000489897948556636,6,5000
79,500,500,0.8,0.9,0,0.3,"reported-cov","joint-score",-0.000400000000000067,0.000489865287604664,6,5000
80,500,500,0.8,0.9,0,0.6,"target-fixed","joint-score",-0.0105999999999999,0.00144828450243728,53,5000
80,500,500,0.8,0.9,0,0.6,"normal-recon","joint-score",0.000400000000000067,0.00063243023330641,10,5000
80,500,500,0.8,0.9,0,0.6,"reported-cov","joint-score",-0.000399999999999956,0.000282786138274138,2,5000
81,500,500,0.8,0.9,0.5,0.3,"target-fixed","joint-score",-0.00679999999999992,0.00116221856808433,34,5000
81,500,500,0.8,0.9,0.5,0.3,"normal-recon","joint-score",0.00460000000000005,0.000997881756522285,25,5000
81,500,500,0.8,0.9,0.5,0.3,"reported-cov","joint-score",0.00420000000000009,0.000957325441007393,23,5000
82,500,500,0.8,0.9,0.5,0.6,"target-fixed","joint-score",-0.00559999999999994,0.00105533312276267,28,5000
82,500,500,0.8,0.9,0.5,0.6,"normal-recon","joint-score",0.00280000000000002,0.000799019399013566,16,5000
82,500,500,0.8,0.9,0.5,0.6,"reported-cov","joint-score",0.00220000000000009,0.000720438755204077,13,5000
83,500,500,0.8,0.9,1,0.3,"target-fixed","joint-score",-0.00160032006401278,0.000894319735163373,20,4999
83,500,500,0.8,0.9,1,0.3,"normal-recon","joint-score",0.00680136027205436,0.00122937164089155,38,4999
83,500,500,0.8,0.9,1,0.3,"reported-cov","joint-score",0.00620124024804958,0.00118019809921855,35,4999
84,500,500,0.8,0.9,1,0.6,"target-fixed","joint-score",-0.00180000000000002,0.000824228123761862,17,5000
84,500,500,0.8,0.9,1,0.6,"normal-recon","joint-score",0.00580000000000003,0.00114598080263153,33,5000
84,500,500,0.8,0.9,1,0.6,"reported-cov","joint-score",0.00519999999999998,0.00109297392466609,30,5000
85,500,2000,0,0,0,0.3,"target-fixed","joint-score",-0.000399999999999956,0.000282786138274138,2,5000
85,500,2000,0,0,0,0.3,"normal-recon","joint-score",0,0,0,5000
85,500,2000,0,0,0,0.3,"reported-cov","joint-score",-0.000199999999999978,0.0001999799989999,1,5000
86,500,2000,0,0,0,0.6,"target-fixed","joint-score",-0.000800000000000023,0.000399839967987194,4,5000
86,500,2000,0,0,0,0.6,"normal-recon","joint-score",0,0,0,5000
86,500,2000,0,0,0,0.6,"reported-cov","joint-score",0,0,0,5000
87,500,2000,0,0.45,0,0.3,"target-fixed","joint-score",-0.002,0.000631822759957253,10,5000
87,500,2000,0,0.45,0,0.3,"normal-recon","joint-score",0.000199999999999978,0.0001999799989999,1,5000
87,500,2000,0,0.45,0,0.3,"reported-cov","joint-score",0,0,0,5000
88,500,2000,0,0.45,0,0.6,"target-fixed","joint-score",-0.001,0.00044698993277254,5,5000
88,500,2000,0,0.45,0,0.6,"normal-recon","joint-score",0.000199999999999978,0.0001999799989999,1,5000
88,500,2000,0,0.45,0,0.6,"reported-cov","joint-score",0,0,0,5000
89,500,2000,0,0.45,0.5,0.3,"target-fixed","joint-score",-0.000800000000000023,0.000399839967987194,4,5000
89,500,2000,0,0.45,0.5,0.3,"normal-recon","joint-score",0.000399999999999956,0.000282786138274138,2,5000
89,500,2000,0,0.45,0.5,0.3,"reported-cov","joint-score",0.000399999999999956,0.000282786138274138,2,5000
90,500,2000,0,0.45,0.5,0.6,"target-fixed","joint-score",-0.001,0.00044698993277254,5,5000
90,500,2000,0,0.45,0.5,0.6,"normal-recon","joint-score",0.00119999999999998,0.000489603921552922,6,5000
90,500,2000,0,0.45,0.5,0.6,"reported-cov","joint-score",0.00139999999999996,0.000528779727296726,7,5000
91,500,2000,0,0.45,1,0.3,"target-fixed","joint-score",0.000400000000000067,0.0003999599979998,4,5000
91,500,2000,0,0.45,1,0.3,"normal-recon","joint-score",0.00119999999999998,0.000489603921552922,6,5000
91,500,2000,0,0.45,1,0.3,"reported-cov","joint-score",0.00119999999999998,0.000489603921552922,6,5000
92,500,2000,0,0.45,1,0.6,"target-fixed","joint-score",0.000600000000000045,0.000346306222872186,3,5000
92,500,2000,0,0.45,1,0.6,"normal-recon","joint-score",0.00160000000000005,0.000565232695444982,8,5000
92,500,2000,0,0.45,1,0.6,"reported-cov","joint-score",0.00139999999999996,0.000528779727296726,7,5000
93,500,2000,0,0.9,0,0.3,"target-fixed","joint-score",-0.00280000000000002,0.000747283078893133,14,5000
93,500,2000,0,0.9,0,0.3,"normal-recon","joint-score",0,0.000282842712474619,2,5000
93,500,2000,0,0.9,0,0.3,"reported-cov","joint-score",0,0.000282842712474619,2,5000
94,500,2000,0,0.9,0,0.6,"target-fixed","joint-score",-0.00280000000000002,0.000747283078893133,14,5000
94,500,2000,0,0.9,0,0.6,"normal-recon","joint-score",0.000799999999999912,0.000399839967987194,4,5000
94,500,2000,0,0.9,0,0.6,"reported-cov","joint-score",0.000199999999999978,0.0001999799989999,1,5000
95,500,2000,0,0.9,0.5,0.3,"target-fixed","joint-score",-0.000400000000000067,0.0003999599979998,4,5000
95,500,2000,0,0.9,0.5,0.3,"normal-recon","joint-score",0.00359999999999994,0.000846999409681022,18,5000
95,500,2000,0,0.9,0.5,0.3,"reported-cov","joint-score",0.00359999999999994,0.000846999409681022,18,5000
96,500,2000,0,0.9,0.5,0.6,"target-fixed","joint-score",-0.000599999999999934,0.000447133089806603,5,5000
96,500,2000,0,0.9,0.5,0.6,"normal-recon","joint-score",0.00219999999999998,0.000662594898863551,11,5000
96,500,2000,0,0.9,0.5,0.6,"reported-cov","joint-score",0.00240000000000007,0.000691988439209789,12,5000
97,500,2000,0,0.9,1,0.3,"target-fixed","joint-score",0.002,0.000631822759957253,10,5000
97,500,2000,0,0.9,1,0.3,"normal-recon","joint-score",0.00439999999999996,0.000936017093861004,22,5000
97,500,2000,0,0.9,1,0.3,"reported-cov","joint-score",0.00459999999999994,0.000956957679315026,23,5000
98,500,2000,0,0.9,1,0.6,"target-fixed","joint-score",0.00259999999999994,0.000720172201629583,13,5000
98,500,2000,0,0.9,1,0.6,"normal-recon","joint-score",0.00559999999999994,0.00105533312276267,28,5000
98,500,2000,0,0.9,1,0.6,"reported-cov","joint-score",0.005,0.000997496867163,25,5000
99,500,2000,0.4,0,0,0.3,"target-fixed","joint-score",-0.001,0.00044698993277254,5,5000
99,500,2000,0.4,0,0,0.3,"normal-recon","joint-score",0.000199999999999978,0.0001999799989999,1,5000
99,500,2000,0.4,0,0,0.3,"reported-cov","joint-score",0.000199999999999978,0.0001999799989999,1,5000
100,500,2000,0.4,0,0,0.6,"target-fixed","joint-score",-0.000800000000000023,0.000399839967987194,4,5000
100,500,2000,0.4,0,0,0.6,"normal-recon","joint-score",0,0.000282842712474619,2,5000
100,500,2000,0.4,0,0,0.6,"reported-cov","joint-score",0,0.000282842712474619,2,5000
101,500,2000,0.4,0.45,0,0.3,"target-fixed","joint-score",-0.00099999999999989,0.00044698993277254,5,5000
101,500,2000,0.4,0.45,0,0.3,"normal-recon","joint-score",-0.000199999999999978,0.0001999799989999,1,5000
101,500,2000,0.4,0.45,0,0.3,"reported-cov","joint-score",-0.000199999999999978,0.0001999799989999,1,5000
102,500,2000,0.4,0.45,0,0.6,"target-fixed","joint-score",-0.00219999999999998,0.000662594898863551,11,5000
102,500,2000,0.4,0.45,0,0.6,"normal-recon","joint-score",0.000199999999999978,0.000346398614315935,3,5000
102,500,2000,0.4,0.45,0,0.6,"reported-cov","joint-score",0,4e-04,4,5000
103,500,2000,0.4,0.45,0.5,0.3,"target-fixed","joint-score",-0.001,0.00044698993277254,5,5000
103,500,2000,0.4,0.45,0.5,0.3,"normal-recon","joint-score",0.000199999999999978,0.000346398614315935,3,5000
103,500,2000,0.4,0.45,0.5,0.3,"reported-cov","joint-score",0.000199999999999978,0.000346398614315935,3,5000
104,500,2000,0.4,0.45,0.5,0.6,"target-fixed","joint-score",-0.00139999999999996,0.000528779727296726,7,5000
104,500,2000,0.4,0.45,0.5,0.6,"normal-recon","joint-score",0.001,0.00044698993277254,5,5000
104,500,2000,0.4,0.45,0.5,0.6,"reported-cov","joint-score",0.000800000000000023,0.000399839967987194,4,5000
105,500,2000,0.4,0.45,1,0.3,"target-fixed","joint-score",-0.000399999999999956,0.000282786138274138,2,5000
105,500,2000,0.4,0.45,1,0.3,"normal-recon","joint-score",0.00139999999999996,0.000528779727296726,7,5000
105,500,2000,0.4,0.45,1,0.3,"reported-cov","joint-score",0.00159999999999993,0.000565232695444982,8,5000
106,500,2000,0.4,0.45,1,0.6,"target-fixed","joint-score",-0.001,0.000528961246217528,7,5000
106,500,2000,0.4,0.45,1,0.6,"normal-recon","joint-score",0.00139999999999996,0.000528779727296726,7,5000
106,500,2000,0.4,0.45,1,0.6,"reported-cov","joint-score",0.00159999999999993,0.000565232695444982,8,5000
107,500,2000,0.4,0.9,0,0.3,"target-fixed","joint-score",-0.00319999999999998,0.000798718974358316,16,5000
107,500,2000,0.4,0.9,0,0.3,"normal-recon","joint-score",0,0,0,5000
107,500,2000,0.4,0.9,0,0.3,"reported-cov","joint-score",0,0,0,5000
108,500,2000,0.4,0.9,0,0.6,"target-fixed","joint-score",-0.00319999999999998,0.000798718974358316,16,5000
108,500,2000,0.4,0.9,0,0.6,"normal-recon","joint-score",0.000400000000000067,0.000282786138274138,2,5000
108,500,2000,0.4,0.9,0,0.6,"reported-cov","joint-score",-0.000199999999999978,0.0001999799989999,1,5000
109,500,2000,0.4,0.9,0.5,0.3,"target-fixed","joint-score",-0.00119999999999998,0.000489603921552922,6,5000
109,500,2000,0.4,0.9,0.5,0.3,"normal-recon","joint-score",0.00239999999999996,0.000691988439209789,12,5000
109,500,2000,0.4,0.9,0.5,0.3,"reported-cov","joint-score",0.00239999999999996,0.000691988439209789,12,5000
110,500,2000,0.4,0.9,0.5,0.6,"target-fixed","joint-score",-0.000600000000000045,0.000346306222872186,3,5000
110,500,2000,0.4,0.9,0.5,0.6,"normal-recon","joint-score",0.00219999999999998,0.000662594898863551,11,5000
110,500,2000,0.4,0.9,0.5,0.6,"reported-cov","joint-score",0.00219999999999998,0.000662594898863551,11,5000
111,500,2000,0.4,0.9,1,0.3,"target-fixed","joint-score",0.000399999999999956,0.000282786138274138,2,5000
111,500,2000,0.4,0.9,1,0.3,"normal-recon","joint-score",0.00280000000000002,0.000747283078893133,14,5000
111,500,2000,0.4,0.9,1,0.3,"reported-cov","joint-score",0.00260000000000005,0.000720172201629583,13,5000
112,500,2000,0.4,0.9,1,0.6,"target-fixed","joint-score",0.000800000000000023,0.000399839967987194,4,5000
112,500,2000,0.4,0.9,1,0.6,"normal-recon","joint-score",0.00319999999999998,0.000798718974358316,16,5000
112,500,2000,0.4,0.9,1,0.6,"reported-cov","joint-score",0.00280000000000002,0.000747283078893133,14,5000
113,500,2000,0.8,0,0,0.3,"target-fixed","joint-score",-0.001,0.00044698993277254,5,5000
113,500,2000,0.8,0,0,0.3,"normal-recon","joint-score",0,0,0,5000
113,500,2000,0.8,0,0,0.3,"reported-cov","joint-score",0,0,0,5000
114,500,2000,0.8,0,0,0.6,"target-fixed","joint-score",-0.00159999999999993,0.000565232695444982,8,5000
114,500,2000,0.8,0,0,0.6,"normal-recon","joint-score",-0.000199999999999978,0.0001999799989999,1,5000
114,500,2000,0.8,0,0,0.6,"reported-cov","joint-score",-0.000199999999999978,0.0001999799989999,1,5000
115,500,2000,0.8,0.45,0,0.3,"target-fixed","joint-score",-0.00180000000000002,0.000599459756781054,9,5000
115,500,2000,0.8,0.45,0,0.3,"normal-recon","joint-score",0.000399999999999956,0.000282786138274138,2,5000
115,500,2000,0.8,0.45,0,0.3,"reported-cov","joint-score",0.000199999999999978,0.0001999799989999,1,5000
116,500,2000,0.8,0.45,0,0.6,"target-fixed","joint-score",-0.00120024004800967,0.000489701803078709,6,4999
116,500,2000,0.8,0.45,0,0.6,"normal-recon","joint-score",0,0,0,4999
116,500,2000,0.8,0.45,0,0.6,"reported-cov","joint-score",0,0,0,4999
117,500,2000,0.8,0.45,0.5,0.3,"target-fixed","joint-score",-0.00219999999999998,0.000662594898863551,11,5000
117,500,2000,0.8,0.45,0.5,0.3,"normal-recon","joint-score",0.000199999999999978,0.0001999799989999,1,5000
117,500,2000,0.8,0.45,0.5,0.3,"reported-cov","joint-score",0.000199999999999978,0.0001999799989999,1,5000
118,500,2000,0.8,0.45,0.5,0.6,"target-fixed","joint-score",-0.00279999999999991,0.000747283078893133,14,5000
118,500,2000,0.8,0.45,0.5,0.6,"normal-recon","joint-score",0.000200000000000089,0.0001999799989999,1,5000
118,500,2000,0.8,0.45,0.5,0.6,"reported-cov","joint-score",0.000200000000000089,0.0001999799989999,1,5000
119,500,2000,0.8,0.45,1,0.3,"target-fixed","joint-score",-0.000600000000000045,0.000346306222872186,3,5000
119,500,2000,0.8,0.45,1,0.3,"normal-recon","joint-score",0.001,0.00044698993277254,5,5000
119,500,2000,0.8,0.45,1,0.3,"reported-cov","joint-score",0.001,0.00044698993277254,5,5000
120,500,2000,0.8,0.45,1,0.6,"target-fixed","joint-score",-0.001,0.00044698993277254,5,5000
120,500,2000,0.8,0.45,1,0.6,"normal-recon","joint-score",0.000600000000000045,0.000447133089806603,5,5000
120,500,2000,0.8,0.45,1,0.6,"reported-cov","joint-score",0.000800000000000023,0.000399839967987194,4,5000
121,500,2000,0.8,0.9,0,0.3,"target-fixed","joint-score",-0.00379999999999991,0.000870121830550182,19,5000
121,500,2000,0.8,0.9,0,0.3,"normal-recon","joint-score",-0.000199999999999978,0.000346398614315935,3,5000
121,500,2000,0.8,0.9,0,0.3,"reported-cov","joint-score",0,4e-04,4,5000
122,500,2000,0.8,0.9,0,0.6,"target-fixed","joint-score",-0.00380000000000003,0.000870121830550182,19,5000
122,500,2000,0.8,0.9,0,0.6,"normal-recon","joint-score",-0.000399999999999956,0.000282786138274138,2,5000
122,500,2000,0.8,0.9,0,0.6,"reported-cov","joint-score",0,0,0,5000
123,500,2000,0.8,0.9,0.5,0.3,"target-fixed","joint-score",-0.00180000000000002,0.000599459756781054,9,5000
123,500,2000,0.8,0.9,0.5,0.3,"normal-recon","joint-score",0.000600000000000045,0.000346306222872186,3,5000
123,500,2000,0.8,0.9,0.5,0.3,"reported-cov","joint-score",0.000800000000000023,0.000399839967987194,4,5000
124,500,2000,0.8,0.9,0.5,0.6,"target-fixed","joint-score",-0.001,0.00044698993277254,5,5000
124,500,2000,0.8,0.9,0.5,0.6,"normal-recon","joint-score",0.00239999999999996,0.000691988439209789,12,5000
124,500,2000,0.8,0.9,0.5,0.6,"reported-cov","joint-score",0.00139999999999996,0.000528779727296726,7,5000
125,500,2000,0.8,0.9,1,0.3,"target-fixed","joint-score",0.000600000000000045,0.000529082224233625,7,5000
125,500,2000,0.8,0.9,1,0.3,"normal-recon","joint-score",0.004,0.00093637599285757,22,5000
125,500,2000,0.8,0.9,1,0.3,"reported-cov","joint-score",0.004,0.00093637599285757,22,5000
126,500,2000,0.8,0.9,1,0.6,"target-fixed","joint-score",0.000399999999999956,0.0003999599979998,4,5000
126,500,2000,0.8,0.9,1,0.6,"normal-recon","joint-score",0.00239999999999996,0.000691988439209789,12,5000
126,500,2000,0.8,0.9,1,0.6,"reported-cov","joint-score",0.002,0.000631822759957253,10,5000
127,2000,200,0,0,0,0.3,"target-fixed","joint-score",0.000199999999999978,0.0001999799989999,1,5000
127,2000,200,0,0,0,0.3,"normal-recon","joint-score",0.000199999999999978,0.0001999799989999,1,5000
127,2000,200,0,0,0,0.3,"reported-cov","joint-score",0.000199999999999978,0.0001999799989999,1,5000
128,2000,200,0,0,0,0.6,"target-fixed","joint-score",-0.000199999999999978,0.000346398614315935,3,5000
128,2000,200,0,0,0,0.6,"normal-recon","joint-score",0.000399999999999956,0.000282786138274138,2,5000
128,2000,200,0,0,0,0.6,"reported-cov","joint-score",0.000399999999999956,0.000282786138274138,2,5000
129,2000,200,0,0.45,0,0.3,"target-fixed","joint-score",-0.00480000000000003,0.00101754213671965,26,5000
129,2000,200,0,0.45,0,0.3,"normal-recon","joint-score",0.000599999999999934,0.000774550192046971,15,5000
129,2000,200,0,0.45,0,0.3,"reported-cov","joint-score",0.000799999999999912,0.0007999199959996,16,5000
130,2000,200,0,0.45,0,0.6,"target-fixed","joint-score",-0.00460000000000005,0.00103719236402897,27,5000
130,2000,200,0,0.45,0,0.6,"normal-recon","joint-score",0.00139999999999996,0.000916301260503335,21,5000
130,2000,200,0,0.45,0,0.6,"reported-cov","joint-score",0.00119999999999998,0.000979648916704347,24,5000
131,2000,200,0,0.45,0.5,0.3,"target-fixed","joint-score",-0.000600000000000045,0.000871738492897956,19,5000
131,2000,200,0,0.45,0.5,0.3,"normal-recon","joint-score",0.00419999999999998,0.000998234441401418,25,5000
131,2000,200,0,0.45,0.5,0.3,"reported-cov","joint-score",0.00380000000000003,0.000957659647265144,23,5000
132,2000,200,0,0.45,0.5,0.6,"target-fixed","joint-score",0.00119999999999998,0.000848358414822414,18,5000
132,2000,200,0,0.45,0.5,0.6,"normal-recon","joint-score",0.00680000000000003,0.00122912651911835,38,5000
132,2000,200,0,0.45,0.5,0.6,"reported-cov","joint-score",0.00559999999999994,0.00109257860129146,30,5000
133,2000,200,0,0.45,1,0.3,"target-fixed","joint-score",0.005,0.00103682206766639,27,5000
133,2000,200,0,0.45,1,0.3,"normal-recon","joint-score",0.01,0.00140712472794703,50,5000
133,2000,200,0,0.45,1,0.3,"reported-cov","joint-score",0.00980000000000003,0.00139312311013779,49,5000
134,2000,200,0,0.45,1,0.6,"target-fixed","joint-score",0.00459999999999994,0.00103719236402897,27,5000
134,2000,200,0,0.45,1,0.6,"normal-recon","joint-score",0.00900000000000001,0.00136521060646334,47,5000
134,2000,200,0,0.45,1,0.6,"reported-cov","joint-score",0.00859999999999994,0.00133611676136481,45,5000
135,2000,200,0,0.9,0,0.3,"target-fixed","joint-score",-0.0134,0.00162606518934513,67,5000
135,2000,200,0,0.9,0,0.3,"normal-recon","joint-score",0.00160000000000005,0.00109521139511968,30,5000
135,2000,200,0,0.9,0,0.3,"reported-cov","joint-score",0.00180000000000002,0.00107673209295535,29,5000
136,2000,200,0,0.9,0,0.6,"target-fixed","joint-score",-0.0177999999999999,0.00186992834087299,89,5000
136,2000,200,0,0.9,0,0.6,"normal-recon","joint-score",0.00540000000000007,0.00124666274509187,39,5000
136,2000,200,0,0.9,0,0.6,"reported-cov","joint-score",0.00140000000000007,0.00103904186633648,27,5000
137,2000,200,0,0.9,0.5,0.3,"target-fixed","joint-score",-0.00140000000000007,0.0011133768454571,31,5000
137,2000,200,0,0.9,0.5,0.3,"normal-recon","joint-score",0.0132,0.00161404832641405,66,5000
137,2000,200,0,0.9,0.5,0.3,"reported-cov","joint-score",0.0127999999999999,0.0015897270205919,64,5000
138,2000,200,0,0.9,0.5,0.6,"target-fixed","joint-score",-0.000199999999999978,0.00128062172400752,41,5000
138,2000,200,0,0.9,0.5,0.6,"normal-recon","joint-score",0.0168,0.00181756760534512,84,5000
138,2000,200,0,0.9,0.5,0.6,"reported-cov","joint-score",0.0144,0.00168479316237929,72,5000
139,2000,200,0,0.9,1,0.3,"target-fixed","joint-score",0.00940000000000007,0.00144994068844212,53,5000
139,2000,200,0,0.9,1,0.3,"normal-recon","joint-score",0.0182,0.00189043698651925,91,5000
139,2000,200,0,0.9,1,0.3,"reported-cov","joint-score",0.018,0.00188021275391909,90,5000
140,2000,200,0,0.9,1,0.6,"target-fixed","joint-score",0.0104000000000001,0.00154219583711019,60,5000
140,2000,200,0,0.9,1,0.6,"normal-recon","joint-score",0.02,0.00197989898732233,100,5000
140,2000,200,0,0.9,1,0.6,"reported-cov","joint-score",0.0192,0.00194068853760721,96,5000
141,2000,200,0.4,0,0,0.3,"target-fixed","joint-score",-0.000400000000000067,0.000565657139970849,8,5000
141,2000,200,0.4,0,0,0.3,"normal-recon","joint-score",0.001,0.000599833310178753,9,5000
141,2000,200,0.4,0,0,0.3,"reported-cov","joint-score",0.00119999999999998,0.000632227807044265,10,5000
142,2000,200,0.4,0,0,0.6,"target-fixed","joint-score",-0.000399999999999956,0.000565657139970849,8,5000
142,2000,200,0.4,0,0,0.6,"normal-recon","joint-score",0.000600000000000045,0.000529082224233625,7,5000
142,2000,200,0.4,0,0,0.6,"reported-cov","joint-score",0.000800000000000023,0.000489767291680447,6,5000
143,2000,200,0.4,0.45,0,0.3,"target-fixed","joint-score",-0.00319999999999998,0.000798718974358316,16,5000
143,2000,200,0.4,0.45,0,0.3,"normal-recon","joint-score",0.000800000000000023,0.000632354331051824,10,5000
143,2000,200,0.4,0.45,0,0.3,"reported-cov","joint-score",0.000399999999999956,0.00063243023330641,10,5000
144,2000,200,0.4,0.45,0,0.6,"target-fixed","joint-score",-0.00680000000000003,0.00116221856808433,34,5000
144,2000,200,0.4,0.45,0,0.6,"normal-recon","joint-score",0.00280000000000002,0.000847603680973602,18,5000
144,2000,200,0.4,0.45,0,0.6,"reported-cov","joint-score",0.000800000000000023,0.0007999199959996,16,5000
145,2000,200,0.4,0.45,0.5,0.3,"target-fixed","joint-score",-0.001,0.000720971566707037,13,5000
145,2000,200,0.4,0.45,0.5,0.3,"normal-recon","joint-score",0.00440000000000007,0.00101790372825725,26,5000
145,2000,200,0.4,0.45,0.5,0.3,"reported-cov","joint-score",0.00480000000000003,0.000977441558355281,24,5000
146,2000,200,0.4,0.45,0.5,0.6,"target-fixed","joint-score",0,8e-04,16,5000
146,2000,200,0.4,0.45,0.5,0.6,"normal-recon","joint-score",0.00440000000000007,0.000936017093861004,22,5000
146,2000,200,0.4,0.45,0.5,0.6,"reported-cov","joint-score",0.00380000000000003,0.000870121830550182,19,5000
147,2000,200,0.4,0.45,1,0.3,"target-fixed","joint-score",0.00180000000000002,0.000824228123761862,17,5000
147,2000,200,0.4,0.45,1,0.3,"normal-recon","joint-score",0.00539999999999996,0.00103642076397571,27,5000
147,2000,200,0.4,0.45,1,0.3,"reported-cov","joint-score",0.00560000000000005,0.00105533312276267,28,5000
148,2000,200,0.4,0.45,1,0.6,"target-fixed","joint-score",0.00240000000000007,0.000979207843105844,24,5000
148,2000,200,0.4,0.45,1,0.6,"normal-recon","joint-score",0.00880000000000003,0.00132079975772257,44,5000
148,2000,200,0.4,0.45,1,0.6,"reported-cov","joint-score",0.00740000000000007,0.00121204290353106,37,5000
149,2000,200,0.4,0.9,0,0.3,"target-fixed","joint-score",-0.0212,0.00203718236787971,106,5000
149,2000,200,0.4,0.9,0,0.3,"normal-recon","joint-score",0.00139999999999996,0.00114874192053742,33,5000
149,2000,200,0.4,0.9,0,0.3,"reported-cov","joint-score",0.000399999999999956,0.00101978821330706,26,5000
150,2000,200,0.4,0.9,0,0.6,"target-fixed","joint-score",-0.0158,0.00178607726596584,81,5000
150,2000,200,0.4,0.9,0,0.6,"normal-recon","joint-score",0.00319999999999998,0.00113046539088996,32,5000
150,2000,200,0.4,0.9,0,0.6,"reported-cov","joint-score",0.001,0.000959062041788747,23,5000
151,2000,200,0.4,0.9,0.5,0.3,"target-fixed","joint-score",0.000400000000000067,0.00113135670767446,32,5000
151,2000,200,0.4,0.9,0.5,0.3,"normal-recon","joint-score",0.0114000000000001,0.00150133540556399,57,5000
151,2000,200,0.4,0.9,0.5,0.3,"reported-cov","joint-score",0.0114000000000001,0.00150133540556399,57,5000
152,2000,200,0.4,0.9,0.5,0.6,"target-fixed","joint-score",-0.00260000000000005,0.00131097215836188,43,5000
152,2000,200,0.4,0.9,0.5,0.6,"normal-recon","joint-score",0.0118,0.00160379300409997,65,5000
152,2000,200,0.4,0.9,0.5,0.6,"reported-cov","joint-score",0.0108,0.0015154774825117,58,5000
153,2000,200,0.4,0.9,1,0.3,"target-fixed","joint-score",0.00740000000000007,0.00130730562608749,43,5000
153,2000,200,0.4,0.9,1,0.3,"normal-recon","joint-score",0.0166000000000001,0.00180690010791964,83,5000
153,2000,200,0.4,0.9,1,0.3,"reported-cov","joint-score",0.0164,0.00179616480312916,82,5000
154,2000,200,0.4,0.9,1,0.6,"target-fixed","joint-score",0.00680000000000003,0.00129257572312031,42,5000
154,2000,200,0.4,0.9,1,0.6,"normal-recon","joint-score",0.0186,0.0019107087690174,93,5000
154,2000,200,0.4,0.9,1,0.6,"reported-cov","joint-score",0.017,0.00182816848238886,85,5000
155,2000,200,0.8,0,0,0.3,"target-fixed","joint-score",-0.00240048009601923,0.000747710756737759,14,4999
155,2000,200,0.8,0,0,0.3,"normal-recon","joint-score",-0.001000200040008,0.00066330681646284,11,4999
155,2000,200,0.8,0,0,0.3,"reported-cov","joint-score",-0.001000200040008,0.00066330681646284,11,4999
156,2000,200,0.8,0,0,0.6,"target-fixed","joint-score",-0.003,0.000870746805908583,19,5000
156,2000,200,0.8,0,0,0.6,"normal-recon","joint-score",0.000600000000000045,0.000824577467555354,17,5000
156,2000,200,0.8,0,0,0.6,"reported-cov","joint-score",0.000600000000000045,0.000721060330346913,13,5000
157,2000,200,0.8,0.45,0,0.3,"target-fixed","joint-score",-0.0066013202640528,0.0011453431490827,33,4999
157,2000,200,0.8,0.45,0,0.3,"normal-recon","joint-score",-0.000400080016003224,0.000748459783829594,14,4999
157,2000,200,0.8,0.45,0,0.3,"reported-cov","joint-score",0,0.000748481173589506,14,4999
158,2000,200,0.8,0.45,0,0.6,"target-fixed","joint-score",-0.00680000000000003,0.00119614045997951,36,5000
158,2000,200,0.8,0.45,0,0.6,"normal-recon","joint-score",0.000599999999999934,0.000774550192046971,15,5000
158,2000,200,0.8,0.45,0,0.6,"reported-cov","joint-score",0.000399999999999956,0.000799979999749994,16,5000
159,2000,200,0.8,0.45,0.5,0.3,"target-fixed","joint-score",-0.00239999999999996,0.000847849043167473,18,5000
159,2000,200,0.8,0.45,0.5,0.3,"normal-recon","joint-score",0.003,0.000823528991596531,17,5000
159,2000,200,0.8,0.45,0.5,0.3,"reported-cov","joint-score",0.00340000000000007,0.000870452755754154,19,5000
160,2000,200,0.8,0.45,0.5,0.6,"target-fixed","joint-score",-0.004,0.000978161540850999,24,5000
160,2000,200,0.8,0.45,0.5,0.6,"normal-recon","joint-score",0.004,0.00109398354649419,30,5000
160,2000,200,0.8,0.45,0.5,0.6,"reported-cov","joint-score",0.00319999999999998,0.000978750223499336,24,5000
161,2000,200,0.8,0.45,1,0.3,"target-fixed","joint-score",-0.00160000000000005,0.000894140928489464,20,5000
161,2000,200,0.8,0.45,1,0.3,"normal-recon","joint-score",0.00480000000000003,0.00105612120516539,28,5000
161,2000,200,0.8,0.45,1,0.3,"reported-cov","joint-score",0.00480000000000003,0.00105612120516539,28,5000
162,2000,200,0.8,0.45,1,0.6,"target-fixed","joint-score",-0.00140028005601123,0.00095915372862505,23,4999
162,2000,200,0.8,0.45,1,0.6,"normal-recon","joint-score",0.00540108021604324,0.00118098461778495,35,4999
162,2000,200,0.8,0.45,1,0.6,"reported-cov","joint-score",0.00540108021604324,0.00114660047873795,33,4999
163,2000,200,0.8,0.9,0,0.3,"target-fixed","joint-score",-0.0160032006401281,0.00177483792268768,80,4999
163,2000,200,0.8,0.9,0,0.3,"normal-recon","joint-score",0.001000200040008,0.000824664757082385,17,4999
163,2000,200,0.8,0.9,0,0.3,"reported-cov","joint-score",0.00060012002400478,0.000871912867210388,19,4999
164,2000,200,0.8,0.9,0,0.6,"target-fixed","joint-score",-0.0122024404880976,0.00155280083234502,61,4999
164,2000,200,0.8,0.9,0,0.6,"normal-recon","joint-score",0.00340068013602723,0.000958151722158022,23,4999
164,2000,200,0.8,0.9,0,0.6,"reported-cov","joint-score",0.00120024004800956,0.000938117227620847,22,4999
165,2000,200,0.8,0.9,0.5,0.3,"target-fixed","joint-score",-0.00520104020804157,0.00119798369218773,36,4999
165,2000,200,0.8,0.9,0.5,0.3,"normal-recon","joint-score",0.00780156031206236,0.00127611946663751,41,4999
165,2000,200,0.8,0.9,0.5,0.3,"reported-cov","joint-score",0.0076015203040608,0.00126058766378138,40,4999
166,2000,200,0.8,0.9,0.5,0.6,"target-fixed","joint-score",-0.00640128025605124,0.00122980131130273,38,4999
166,2000,200,0.8,0.9,0.5,0.6,"normal-recon","joint-score",0.00740148029605914,0.00124485565967327,39,4999
166,2000,200,0.8,0.9,0.5,0.6,"reported-cov","joint-score",0.0066013202640528,0.00117976393348552,35,4999
167,2000,200,0.8,0.9,1,0.3,"target-fixed","joint-score",0.00380076015203046,0.00118223112569051,35,4999
167,2000,200,0.8,0.9,1,0.3,"normal-recon","joint-score",0.0172034406881377,0.00183906848646402,86,4999
167,2000,200,0.8,0.9,1,0.3,"reported-cov","joint-score",0.0166033206641328,0.00180725850892311,83,4999
168,2000,200,0.8,0.9,1,0.6,"target-fixed","joint-score",0.00260000000000005,0.00124845824920179,39,5000
168,2000,200,0.8,0.9,1,0.6,"normal-recon","joint-score",0.0148,0.00175390763724889,78,5000
168,2000,200,0.8,0.9,1,0.6,"reported-cov","joint-score",0.0144000000000001,0.00173162582563324,76,5000
169,2000,500,0,0,0,0.3,"target-fixed","joint-score",-0.000200000000000089,0.000346398614315935,3,5000
169,2000,500,0,0,0,0.3,"normal-recon","joint-score",0.000399999999999956,0.000489865287604664,6,5000
169,2000,500,0,0,0,0.3,"reported-cov","joint-score",0.000399999999999956,0.000489865287604664,6,5000
170,2000,500,0,0,0,0.6,"target-fixed","joint-score",-0.000199999999999978,0.000346398614315935,3,5000
170,2000,500,0,0,0,0.6,"normal-recon","joint-score",0,4e-04,4,5000
170,2000,500,0,0,0,0.6,"reported-cov","joint-score",0,4e-04,4,5000
171,2000,500,0,0.45,0,0.3,"target-fixed","joint-score",-0.00459999999999994,0.000956957679315026,23,5000
171,2000,500,0,0.45,0,0.3,"normal-recon","joint-score",-0.000599999999999934,0.000529082224233625,7,5000
171,2000,500,0,0.45,0,0.3,"reported-cov","joint-score",-0.000399999999999956,0.000489865287604664,6,5000
172,2000,500,0,0.45,0,0.6,"target-fixed","joint-score",-0.00319999999999998,0.000798718974358316,16,5000
172,2000,500,0,0.45,0,0.6,"normal-recon","joint-score",0.001,0.000528961246217528,7,5000
172,2000,500,0,0.45,0,0.6,"reported-cov","joint-score",0.001,0.000528961246217528,7,5000
173,2000,500,0,0.45,0.5,0.3,"target-fixed","joint-score",0.000199999999999978,0.000447204651138603,5,5000
173,2000,500,0,0.45,0.5,0.3,"normal-recon","joint-score",0.003,0.000823528991596531,17,5000
173,2000,500,0,0.45,0.5,0.3,"reported-cov","joint-score",0.003,0.000823528991596531,17,5000
174,2000,500,0,0.45,0.5,0.6,"target-fixed","joint-score",-0.000199999999999978,0.000663318927816778,11,5000
174,2000,500,0,0.45,0.5,0.6,"normal-recon","joint-score",0.00520000000000009,0.00101714895664303,26,5000
174,2000,500,0,0.45,0.5,0.6,"reported-cov","joint-score",0.00420000000000009,0.000957325441007393,23,5000
175,2000,500,0,0.45,1,0.3,"target-fixed","joint-score",0.00260000000000005,0.000773723464811557,15,5000
175,2000,500,0,0.45,1,0.3,"normal-recon","joint-score",0.00519999999999998,0.00101714895664303,26,5000
175,2000,500,0,0.45,1,0.3,"reported-cov","joint-score",0.00480000000000003,0.000977441558355281,24,5000
176,2000,500,0,0.45,1,0.6,"target-fixed","joint-score",0.00319999999999998,0.000847320482462215,18,5000
176,2000,500,0,0.45,1,0.6,"normal-recon","joint-score",0.00679999999999992,0.00116221856808433,34,5000
176,2000,500,0,0.45,1,0.6,"reported-cov","joint-score",0.00619999999999998,0.00111009549138802,31,5000
177,2000,500,0,0.9,0,0.3,"target-fixed","joint-score",-0.014,0.00166156552684509,70,5000
177,2000,500,0,0.9,0,0.3,"normal-recon","joint-score",0.000600000000000045,0.000824577467555354,17,5000
177,2000,500,0,0.9,0,0.3,"reported-cov","joint-score",0.000600000000000045,0.000774550192046971,15,5000
178,2000,500,0,0.9,0,0.6,"target-fixed","joint-score",-0.018,0.00188021275391909,90,5000
178,2000,500,0,0.9,0,0.6,"normal-recon","joint-score",0.00240000000000007,0.000799279675708072,16,5000
178,2000,500,0,0.9,0,0.6,"reported-cov","joint-score",-0.001,0.000774467559036529,15,5000
179,2000,500,0,0.9,0.5,0.3,"target-fixed","joint-score",-0.00139999999999996,0.000824383405946529,17,5000
179,2000,500,0,0.9,0.5,0.3,"normal-recon","joint-score",0.0114000000000001,0.00150133540556399,57,5000
179,2000,500,0,0.9,0.5,0.3,"reported-cov","joint-score",0.0114000000000001,0.00150133540556399,57,5000
180,2000,500,0,0.9,0.5,0.6,"target-fixed","joint-score",0.000199999999999978,0.000916510774622972,21,5000
180,2000,500,0,0.9,0.5,0.6,"normal-recon","joint-score",0.014,0.00166156552684509,70,5000
180,2000,500,0,0.9,0.5,0.6,"reported-cov","joint-score",0.0122,0.00155249218999646,61,5000
181,2000,500,0,0.9,1,0.3,"target-fixed","joint-score",0.00680000000000003,0.00116221856808433,34,5000
181,2000,500,0,0.9,1,0.3,"normal-recon","joint-score",0.015,0.00171901134376711,75,5000
181,2000,500,0,0.9,1,0.3,"reported-cov","joint-score",0.0148,0.00170768615383507,74,5000
182,2000,500,0,0.9,1,0.6,"target-fixed","joint-score",0.00900000000000001,0.00133558975737312,45,5000
182,2000,500,0,0.9,1,0.6,"normal-recon","joint-score",0.0179999999999999,0.00188021275391909,90,5000
182,2000,500,0,0.9,1,0.6,"reported-cov","joint-score",0.0157999999999999,0.00176353962246387,79,5000
183,2000,500,0.4,0,0,0.3,"target-fixed","joint-score",-0.000600000000000045,0.000346306222872186,3,5000
183,2000,500,0.4,0,0,0.3,"normal-recon","joint-score",0,4e-04,4,5000
183,2000,500,0.4,0,0,0.3,"reported-cov","joint-score",-0.000199999999999978,0.000346398614315935,3,5000
184,2000,500,0.4,0,0,0.6,"target-fixed","joint-score",-0.000600000000000045,0.000346306222872186,3,5000
184,2000,500,0.4,0,0,0.6,"normal-recon","joint-score",0,0.000282842712474619,2,5000
184,2000,500,0.4,0,0,0.6,"reported-cov","joint-score",0.000199999999999978,0.000346398614315935,3,5000
185,2000,500,0.4,0.45,0,0.3,"target-fixed","joint-score",-0.00260000000000005,0.000720172201629583,13,5000
185,2000,500,0.4,0.45,0,0.3,"normal-recon","joint-score",0.000399999999999956,0.000489865287604664,6,5000
185,2000,500,0.4,0.45,0,0.3,"reported-cov","joint-score",0.000399999999999956,0.000489865287604664,6,5000
186,2000,500,0.4,0.45,0,0.6,"target-fixed","joint-score",-0.00420084016803368,0.000914771000403863,21,4999
186,2000,500,0.4,0.45,0,0.6,"normal-recon","joint-score",0.000200040008001556,0.00044729410817099,5,4999
186,2000,500,0.4,0.45,0,0.6,"reported-cov","joint-score",-0.000200040008001667,0.000346467905587113,3,4999
187,2000,500,0.4,0.45,0.5,0.3,"target-fixed","joint-score",0.000599999999999934,0.000529082224233625,7,5000
187,2000,500,0.4,0.45,0.5,0.3,"normal-recon","joint-score",0.004,0.000892636544176856,20,5000
187,2000,500,0.4,0.45,0.5,0.3,"reported-cov","joint-score",0.00439999999999996,0.000936017093861004,22,5000
188,2000,500,0.4,0.45,0.5,0.6,"target-fixed","joint-score",-0.00119999999999998,0.000799819979745442,16,5000
188,2000,500,0.4,0.45,0.5,0.6,"normal-recon","joint-score",0.00319999999999998,0.000847320482462215,18,5000
188,2000,500,0.4,0.45,0.5,0.6,"reported-cov","joint-score",0.00280000000000002,0.000847603680973602,18,5000
189,2000,500,0.4,0.45,1,0.3,"target-fixed","joint-score",0.002,0.000631822759957253,10,5000
189,2000,500,0.4,0.45,1,0.3,"normal-recon","joint-score",0.004,0.000892636544176856,20,5000
189,2000,500,0.4,0.45,1,0.3,"reported-cov","joint-score",0.004,0.000892636544176856,20,5000
190,2000,500,0.4,0.45,1,0.6,"target-fixed","joint-score",0.00180000000000002,0.00072066080787011,13,5000
190,2000,500,0.4,0.45,1,0.6,"normal-recon","joint-score",0.00519999999999998,0.00101714895664303,26,5000
190,2000,500,0.4,0.45,1,0.6,"reported-cov","joint-score",0.005,0.000997496867163,25,5000
191,2000,500,0.4,0.9,0,0.3,"target-fixed","joint-score",-0.0134000000000001,0.00162606518934513,67,5000
191,2000,500,0.4,0.9,0,0.3,"normal-recon","joint-score",-0.000200000000000089,0.000721104708069501,13,5000
191,2000,500,0.4,0.9,0,0.3,"reported-cov","joint-score",-0.000400000000000067,0.00069279722863187,12,5000
192,2000,500,0.4,0.9,0,0.6,"target-fixed","joint-score",-0.0135999999999999,0.00163798901095215,68,5000
192,2000,500,0.4,0.9,0,0.6,"normal-recon","joint-score",0.00180000000000002,0.00072066080787011,13,5000
192,2000,500,0.4,0.9,0,0.6,"reported-cov","joint-score",0.000200000000000089,0.000529142702869462,7,5000
193,2000,500,0.4,0.9,0.5,0.3,"target-fixed","joint-score",-0.000599999999999934,0.000959128771333651,23,5000
193,2000,500,0.4,0.9,0.5,0.3,"normal-recon","joint-score",0.00860000000000005,0.00130583613060751,43,5000
193,2000,500,0.4,0.9,0.5,0.3,"reported-cov","joint-score",0.00900000000000001,0.00133558975737312,45,5000
194,2000,500,0.4,0.9,0.5,0.6,"target-fixed","joint-score",-0.00119999999999998,0.000848358414822414,18,5000
194,2000,500,0.4,0.9,0.5,0.6,"normal-recon","joint-score",0.0115999999999999,0.00151429455523026,58,5000
194,2000,500,0.4,0.9,0.5,0.6,"reported-cov","joint-score",0.0104,0.00143470136265357,52,5000
195,2000,500,0.4,0.9,1,0.3,"target-fixed","joint-score",0.00700000000000001,0.00117906742809731,35,5000
195,2000,500,0.4,0.9,1,0.3,"normal-recon","joint-score",0.0142,0.00167322204145176,71,5000
195,2000,500,0.4,0.9,1,0.3,"reported-cov","joint-score",0.0134,0.00162606518934513,67,5000
196,2000,500,0.4,0.9,1,0.6,"target-fixed","joint-score",0.006,0.00112818438209364,32,5000
196,2000,500,0.4,0.9,1,0.6,"normal-recon","joint-score",0.0135999999999999,0.00163798901095215,68,5000
196,2000,500,0.4,0.9,1,0.6,"reported-cov","joint-score",0.0132,0.00161404832641405,66,5000
197,2000,500,0.8,0,0,0.3,"target-fixed","joint-score",-0.00139999999999996,0.000528779727296726,7,5000
197,2000,500,0.8,0,0,0.3,"normal-recon","joint-score",0.000600000000000045,0.000346306222872186,3,5000
197,2000,500,0.8,0,0,0.3,"reported-cov","joint-score",0.000600000000000045,0.000346306222872186,3,5000
198,2000,500,0.8,0,0,0.6,"target-fixed","joint-score",-0.002,0.000631822759957253,10,5000
198,2000,500,0.8,0,0,0.6,"normal-recon","joint-score",-0.000400000000000067,0.000489865287604664,6,5000
198,2000,500,0.8,0,0,0.6,"reported-cov","joint-score",-0.000200000000000089,0.000447204651138603,5,5000
199,2000,500,0.8,0.45,0,0.3,"target-fixed","joint-score",-0.00460092018403679,0.000957148666724991,23,4999
199,2000,500,0.8,0.45,0,0.3,"normal-recon","joint-score",0,0.000400080016003201,4,4999
199,2000,500,0.8,0.45,0,0.3,"reported-cov","joint-score",0,0.000400080016003201,4,4999
200,2000,500,0.8,0.45,0,0.6,"target-fixed","joint-score",-0.00560000000000005,0.00105533312276267,28,5000
200,2000,500,0.8,0.45,0,0.6,"normal-recon","joint-score",-0.00119999999999998,0.000632227807044265,10,5000
200,2000,500,0.8,0.45,0,0.6,"reported-cov","joint-score",-0.00119999999999998,0.000565430809206573,8,5000
201,2000,500,0.8,0.45,0.5,0.3,"target-fixed","joint-score",-0.00300060012002401,0.000870920783304763,19,4999
201,2000,500,0.8,0.45,0.5,0.3,"normal-recon","joint-score",0.001000200040008,0.000599953267482982,9,4999
201,2000,500,0.8,0.45,0.5,0.3,"reported-cov","joint-score",0.000800160032006447,0.000565685390990003,8,4999
202,2000,500,0.8,0.45,0.5,0.6,"target-fixed","joint-score",-0.00359999999999994,0.000892977043377936,20,5000
202,2000,500,0.8,0.45,0.5,0.6,"normal-recon","joint-score",0.00160000000000005,0.000747989304736371,14,5000
202,2000,500,0.8,0.45,0.5,0.6,"reported-cov","joint-score",0.001,0.000599833310178753,9,5000
203,2000,500,0.8,0.45,1,0.3,"target-fixed","joint-score",-0.00119999999999998,0.000848358414822414,18,5000
203,2000,500,0.8,0.45,1,0.3,"normal-recon","joint-score",0.003,0.000823528991596531,17,5000
203,2000,500,0.8,0.45,1,0.3,"reported-cov","joint-score",0.00319999999999998,0.000847320482462215,18,5000
204,2000,500,0.8,0.45,1,0.6,"target-fixed","joint-score",-0.00140028005601123,0.000599793137604467,9,4999
204,2000,500,0.8,0.45,1,0.6,"normal-recon","joint-score",0.00340068013602712,0.000823382471192277,17,4999
204,2000,500,0.8,0.45,1,0.6,"reported-cov","joint-score",0.00340068013602712,0.000823382471192277,17,4999
205,2000,500,0.8,0.9,0,0.3,"target-fixed","joint-score",-0.0108043217286915,0.00146231768824131,54,4998
205,2000,500,0.8,0.9,0,0.3,"normal-recon","joint-score",-0.000200080032012773,0.000600233423998132,9,4998
205,2000,500,0.8,0.9,0,0.3,"reported-cov","joint-score",-0.000200080032012773,0.000600233423998132,9,4998
206,2000,500,0.8,0.9,0,0.6,"target-fixed","joint-score",-0.01,0.00140712472794703,50,5000
206,2000,500,0.8,0.9,0,0.6,"normal-recon","joint-score",0.002,0.000631822759957253,10,5000
206,2000,500,0.8,0.9,0,0.6,"reported-cov","joint-score",0.000800000000000023,0.000399839967987194,4,5000
207,2000,500,0.8,0.9,0.5,0.3,"target-fixed","joint-score",-0.00340068013602723,0.000999042908126044,25,4999
207,2000,500,0.8,0.9,0.5,0.3,"normal-recon","joint-score",0.00740148029605914,0.00121228445664292,37,4999
207,2000,500,0.8,0.9,0.5,0.3,"reported-cov","joint-score",0.0066013202640528,0.0011453431490827,33,4999
208,2000,500,0.8,0.9,0.5,0.6,"target-fixed","joint-score",-0.00180000000000002,0.000824228123761862,17,5000
208,2000,500,0.8,0.9,0.5,0.6,"normal-recon","joint-score",0.00659999999999994,0.00114511484140238,33,5000
208,2000,500,0.8,0.9,0.5,0.6,"reported-cov","joint-score",0.006,0.00109215383531808,30,5000
209,2000,500,0.8,0.9,1,0.3,"target-fixed","joint-score",0.00139999999999996,0.000720838400752901,13,5000
209,2000,500,0.8,0.9,1,0.3,"normal-recon","joint-score",0.00780000000000003,0.00124411896537268,39,5000
209,2000,500,0.8,0.9,1,0.3,"reported-cov","joint-score",0.00800000000000001,0.00125984125984189,40,5000
210,2000,500,0.8,0.9,1,0.6,"target-fixed","joint-score",0.002,0.000692242731995071,12,5000
210,2000,500,0.8,0.9,1,0.6,"normal-recon","joint-score",0.00900000000000001,0.00133558975737312,45,5000
210,2000,500,0.8,0.9,1,0.6,"reported-cov","joint-score",0.00800000000000001,0.00125984125984189,40,5000
211,2000,2000,0,0,0,0.3,"target-fixed","joint-score",-0.000199999999999978,0.0001999799989999,1,5000
211,2000,2000,0,0,0,0.3,"normal-recon","joint-score",0.000399999999999956,0.000282786138274138,2,5000
211,2000,2000,0,0,0,0.3,"reported-cov","joint-score",0.000399999999999956,0.000282786138274138,2,5000
212,2000,2000,0,0,0,0.6,"target-fixed","joint-score",0,0,0,5000
212,2000,2000,0,0,0,0.6,"normal-recon","joint-score",0.000199999999999978,0.0001999799989999,1,5000
212,2000,2000,0,0,0,0.6,"reported-cov","joint-score",0.000199999999999978,0.0001999799989999,1,5000
213,2000,2000,0,0.45,0,0.3,"target-fixed","joint-score",-0.00180000000000002,0.000599459756781054,9,5000
213,2000,2000,0,0.45,0,0.3,"normal-recon","joint-score",0,0.000282842712474619,2,5000
213,2000,2000,0,0.45,0,0.3,"reported-cov","joint-score",0.000199999999999978,0.0001999799989999,1,5000
214,2000,2000,0,0.45,0,0.6,"target-fixed","joint-score",-0.00320000000000009,0.000798718974358316,16,5000
214,2000,2000,0,0.45,0,0.6,"normal-recon","joint-score",0,0.000282842712474619,2,5000
214,2000,2000,0,0.45,0,0.6,"reported-cov","joint-score",-0.000200000000000089,0.0001999799989999,1,5000
215,2000,2000,0,0.45,0.5,0.3,"target-fixed","joint-score",-0.00119999999999998,0.000489603921552922,6,5000
215,2000,2000,0,0.45,0.5,0.3,"normal-recon","joint-score",0.00180000000000002,0.000599459756781054,9,5000
215,2000,2000,0,0.45,0.5,0.3,"reported-cov","joint-score",0.00180000000000002,0.000599459756781054,9,5000
216,2000,2000,0,0.45,0.5,0.6,"target-fixed","joint-score",-0.000199999999999978,0.000447204651138603,5,5000
216,2000,2000,0,0.45,0.5,0.6,"normal-recon","joint-score",0.00160000000000005,0.000565232695444982,8,5000
216,2000,2000,0,0.45,0.5,0.6,"reported-cov","joint-score",0.00119999999999998,0.000489603921552922,6,5000
217,2000,2000,0,0.45,1,0.3,"target-fixed","joint-score",0.00219999999999998,0.000662594898863551,11,5000
217,2000,2000,0,0.45,1,0.3,"normal-recon","joint-score",0.00460000000000005,0.000956957679315026,23,5000
217,2000,2000,0,0.45,1,0.3,"reported-cov","joint-score",0.00460000000000005,0.000956957679315026,23,5000
218,2000,2000,0,0.45,1,0.6,"target-fixed","joint-score",0.001,0.00044698993277254,5,5000
218,2000,2000,0,0.45,1,0.6,"normal-recon","joint-score",0.00519999999999998,0.00101714895664303,26,5000
218,2000,2000,0,0.45,1,0.6,"reported-cov","joint-score",0.005,0.000997496867163,25,5000
219,2000,2000,0,0.9,0,0.3,"target-fixed","joint-score",-0.00740000000000007,0.00121204290353106,37,5000
219,2000,2000,0,0.9,0,0.3,"normal-recon","joint-score",0.000199999999999978,0.000447204651138603,5,5000
219,2000,2000,0,0.9,0,0.3,"reported-cov","joint-score",0.000399999999999956,0.000489865287604664,6,5000
220,2000,2000,0,0.9,0,0.6,"target-fixed","joint-score",-0.00759999999999994,0.00122818891055082,38,5000
220,2000,2000,0,0.9,0,0.6,"normal-recon","joint-score",0.00120000000000009,0.000489603921552922,6,5000
220,2000,2000,0,0.9,0,0.6,"reported-cov","joint-score",0.000200000000000089,0.000346398614315935,3,5000
221,2000,2000,0,0.9,0.5,0.3,"target-fixed","joint-score",0.000199999999999978,0.000346398614315935,3,5000
221,2000,2000,0,0.9,0.5,0.3,"normal-recon","joint-score",0.00639999999999996,0.00112774465194919,32,5000
221,2000,2000,0,0.9,0.5,0.3,"reported-cov","joint-score",0.00660000000000005,0.00114511484140238,33,5000
222,2000,2000,0,0.9,0.5,0.6,"target-fixed","joint-score",0.000399999999999956,0.000565657139970849,8,5000
222,2000,2000,0,0.9,0.5,0.6,"normal-recon","joint-score",0.00680000000000003,0.00116221856808433,34,5000
222,2000,2000,0,0.9,0.5,0.6,"reported-cov","joint-score",0.006,0.00109215383531808,30,5000
223,2000,2000,0,0.9,1,0.3,"target-fixed","joint-score",0.004,0.000892636544176856,20,5000
223,2000,2000,0,0.9,1,0.3,"normal-recon","joint-score",0.00880000000000003,0.00132079975772257,44,5000
223,2000,2000,0,0.9,1,0.3,"reported-cov","joint-score",0.00880000000000003,0.00132079975772257,44,5000
224,2000,2000,0,0.9,1,0.6,"target-fixed","joint-score",0.00680000000000003,0.00116221856808433,34,5000
224,2000,2000,0,0.9,1,0.6,"normal-recon","joint-score",0.0128,0.0015897270205919,64,5000
224,2000,2000,0,0.9,1,0.6,"reported-cov","joint-score",0.0126000000000001,0.00157741814367656,63,5000
225,2000,2000,0.4,0,0,0.3,"target-fixed","joint-score",-0.000200000000000089,0.0001999799989999,1,5000
225,2000,2000,0.4,0,0,0.3,"normal-recon","joint-score",0,0,0,5000
225,2000,2000,0.4,0,0,0.3,"reported-cov","joint-score",0,0,0,5000
226,2000,2000,0.4,0,0,0.6,"target-fixed","joint-score",0,0,0,5000
226,2000,2000,0.4,0,0,0.6,"normal-recon","joint-score",0.000199999999999978,0.0001999799989999,1,5000
226,2000,2000,0.4,0,0,0.6,"reported-cov","joint-score",0.000199999999999978,0.0001999799989999,1,5000
227,2000,2000,0.4,0.45,0,0.3,"target-fixed","joint-score",-0.00320000000000009,0.000798718974358316,16,5000
227,2000,2000,0.4,0.45,0,0.3,"normal-recon","joint-score",-0.000200000000000089,0.000346398614315935,3,5000
227,2000,2000,0.4,0.45,0,0.3,"reported-cov","joint-score",0,0.000282842712474619,2,5000
228,2000,2000,0.4,0.45,0,0.6,"target-fixed","joint-score",-0.00380000000000003,0.000870121830550182,19,5000
228,2000,2000,0.4,0.45,0,0.6,"normal-recon","joint-score",0,0.000282842712474619,2,5000
228,2000,2000,0.4,0.45,0,0.6,"reported-cov","joint-score",-0.000199999999999978,0.0001999799989999,1,5000
229,2000,2000,0.4,0.45,0.5,0.3,"target-fixed","joint-score",-0.000399999999999956,0.000282786138274138,2,5000
229,2000,2000,0.4,0.45,0.5,0.3,"normal-recon","joint-score",0.000600000000000045,0.000346306222872186,3,5000
229,2000,2000,0.4,0.45,0.5,0.3,"reported-cov","joint-score",0.000600000000000045,0.000346306222872186,3,5000
230,2000,2000,0.4,0.45,0.5,0.6,"target-fixed","joint-score",-0.000800000000000023,0.000399839967987194,4,5000
230,2000,2000,0.4,0.45,0.5,0.6,"normal-recon","joint-score",0.00219999999999998,0.000662594898863551,11,5000
230,2000,2000,0.4,0.45,0.5,0.6,"reported-cov","joint-score",0.00179999999999991,0.000599459756781054,9,5000
231,2000,2000,0.4,0.45,1,0.3,"target-fixed","joint-score",0.001,0.00044698993277254,5,5000
231,2000,2000,0.4,0.45,1,0.3,"normal-recon","joint-score",0.00340000000000007,0.0008232180756033,17,5000
231,2000,2000,0.4,0.45,1,0.3,"reported-cov","joint-score",0.00340000000000007,0.0008232180756033,17,5000
232,2000,2000,0.4,0.45,1,0.6,"target-fixed","joint-score",0.000800000000000023,0.000399839967987194,4,5000
232,2000,2000,0.4,0.45,1,0.6,"normal-recon","joint-score",0.00259999999999994,0.000720172201629583,13,5000
232,2000,2000,0.4,0.45,1,0.6,"reported-cov","joint-score",0.00219999999999998,0.000662594898863551,11,5000
233,2000,2000,0.4,0.9,0,0.3,"target-fixed","joint-score",-0.00580000000000003,0.00107390502373348,29,5000
233,2000,2000,0.4,0.9,0,0.3,"normal-recon","joint-score",0.000399999999999956,0.0003999599979998,4,5000
233,2000,2000,0.4,0.9,0,0.3,"reported-cov","joint-score",0.000599999999999934,0.000346306222872186,3,5000
234,2000,2000,0.4,0.9,0,0.6,"target-fixed","joint-score",-0.00460000000000005,0.000956957679315026,23,5000
234,2000,2000,0.4,0.9,0,0.6,"normal-recon","joint-score",0.00119999999999998,0.000489603921552922,6,5000
234,2000,2000,0.4,0.9,0,0.6,"reported-cov","joint-score",0.000199999999999978,0.000346398614315935,3,5000
235,2000,2000,0.4,0.9,0.5,0.3,"target-fixed","joint-score",0,0.000489897948556636,6,5000
235,2000,2000,0.4,0.9,0.5,0.3,"normal-recon","joint-score",0.00700000000000001,0.00117906742809731,35,5000
235,2000,2000,0.4,0.9,0.5,0.3,"reported-cov","joint-score",0.00660000000000005,0.00114511484140238,33,5000
236,2000,2000,0.4,0.9,0.5,0.6,"target-fixed","joint-score",-0.000599999999999934,0.000447133089806603,5,5000
236,2000,2000,0.4,0.9,0.5,0.6,"normal-recon","joint-score",0.00460000000000005,0.000956957679315026,23,5000
236,2000,2000,0.4,0.9,0.5,0.6,"reported-cov","joint-score",0.004,0.000892636544176856,20,5000
237,2000,2000,0.4,0.9,1,0.3,"target-fixed","joint-score",0.00340000000000007,0.0008232180756033,17,5000
237,2000,2000,0.4,0.9,1,0.3,"normal-recon","joint-score",0.00780000000000003,0.00124411896537268,39,5000
237,2000,2000,0.4,0.9,1,0.3,"reported-cov","joint-score",0.00760000000000005,0.00122818891055082,38,5000
238,2000,2000,0.4,0.9,1,0.6,"target-fixed","joint-score",0.004,0.000892636544176856,20,5000
238,2000,2000,0.4,0.9,1,0.6,"normal-recon","joint-score",0.00919999999999999,0.00135021183523179,46,5000
238,2000,2000,0.4,0.9,1,0.6,"reported-cov","joint-score",0.00839999999999996,0.00129069283720024,42,5000
239,2000,2000,0.8,0,0,0.3,"target-fixed","joint-score",-0.000199999999999978,0.0001999799989999,1,5000
239,2000,2000,0.8,0,0,0.3,"normal-recon","joint-score",0,0,0,5000
239,2000,2000,0.8,0,0,0.3,"reported-cov","joint-score",0,0,0,5000
240,2000,2000,0.8,0,0,0.6,"target-fixed","joint-score",-0.00139999999999996,0.000528779727296726,7,5000
240,2000,2000,0.8,0,0,0.6,"normal-recon","joint-score",0,0,0,5000
240,2000,2000,0.8,0,0,0.6,"reported-cov","joint-score",0,0,0,5000
241,2000,2000,0.8,0.45,0,0.3,"target-fixed","joint-score",-0.00220000000000009,0.000662594898863551,11,5000
241,2000,2000,0.8,0.45,0,0.3,"normal-recon","joint-score",-0.000400000000000067,0.000282786138274138,2,5000
241,2000,2000,0.8,0.45,0,0.3,"reported-cov","joint-score",-0.000600000000000045,0.000346306222872186,3,5000
242,2000,2000,0.8,0.45,0,0.6,"target-fixed","joint-score",-0.00180000000000002,0.000599459756781054,9,5000
242,2000,2000,0.8,0.45,0,0.6,"normal-recon","joint-score",0.000399999999999956,0.000282786138274138,2,5000
242,2000,2000,0.8,0.45,0,0.6,"reported-cov","joint-score",0.000399999999999956,0.000282786138274138,2,5000
243,2000,2000,0.8,0.45,0.5,0.3,"target-fixed","joint-score",-0.002,0.000631822759957253,10,5000
243,2000,2000,0.8,0.45,0.5,0.3,"normal-recon","joint-score",0.000399999999999956,0.000282786138274138,2,5000
243,2000,2000,0.8,0.45,0.5,0.3,"reported-cov","joint-score",0.000399999999999956,0.000282786138274138,2,5000
244,2000,2000,0.8,0.45,0.5,0.6,"target-fixed","joint-score",-0.00119999999999998,0.000565430809206573,8,5000
244,2000,2000,0.8,0.45,0.5,0.6,"normal-recon","joint-score",0.00119999999999998,0.000489603921552922,6,5000
244,2000,2000,0.8,0.45,0.5,0.6,"reported-cov","joint-score",0.00119999999999998,0.000489603921552922,6,5000
245,2000,2000,0.8,0.45,1,0.3,"target-fixed","joint-score",-0.000800000000000023,0.000399839967987194,4,5000
245,2000,2000,0.8,0.45,1,0.3,"normal-recon","joint-score",0.00180000000000002,0.000599459756781054,9,5000
245,2000,2000,0.8,0.45,1,0.3,"reported-cov","joint-score",0.002,0.000631822759957253,10,5000
246,2000,2000,0.8,0.45,1,0.6,"target-fixed","joint-score",-0.000600000000000045,0.000346306222872186,3,5000
246,2000,2000,0.8,0.45,1,0.6,"normal-recon","joint-score",0.002,0.000692242731995071,12,5000
246,2000,2000,0.8,0.45,1,0.6,"reported-cov","joint-score",0.00180000000000002,0.000662836329722504,11,5000
247,2000,2000,0.8,0.9,0,0.3,"target-fixed","joint-score",-0.004,0.000892636544176856,20,5000
247,2000,2000,0.8,0.9,0,0.3,"normal-recon","joint-score",0,4e-04,4,5000
247,2000,2000,0.8,0.9,0,0.3,"reported-cov","joint-score",0.000199999999999978,0.000447204651138603,5,5000
248,2000,2000,0.8,0.9,0,0.6,"target-fixed","joint-score",-0.004,0.000892636544176856,20,5000
248,2000,2000,0.8,0.9,0,0.6,"normal-recon","joint-score",0,0.000282842712474619,2,5000
248,2000,2000,0.8,0.9,0,0.6,"reported-cov","joint-score",0,0.000282842712474619,2,5000
249,2000,2000,0.8,0.9,0.5,0.3,"target-fixed","joint-score",-0.00180000000000002,0.000599459756781054,9,5000
249,2000,2000,0.8,0.9,0.5,0.3,"normal-recon","joint-score",0.00280000000000002,0.000747283078893133,14,5000
249,2000,2000,0.8,0.9,0.5,0.3,"reported-cov","joint-score",0.00280000000000002,0.000747283078893133,14,5000
250,2000,2000,0.8,0.9,0.5,0.6,"target-fixed","joint-score",-0.002,0.000631822759957253,10,5000
250,2000,2000,0.8,0.9,0.5,0.6,"normal-recon","joint-score",0.00260000000000005,0.000720172201629583,13,5000
250,2000,2000,0.8,0.9,0.5,0.6,"reported-cov","joint-score",0.00219999999999998,0.000662594898863551,11,5000
251,2000,2000,0.8,0.9,1,0.3,"target-fixed","joint-score",0.000599999999999934,0.000447133089806603,5,5000
251,2000,2000,0.8,0.9,1,0.3,"normal-recon","joint-score",0.00519999999999998,0.00101714895664303,26,5000
251,2000,2000,0.8,0.9,1,0.3,"reported-cov","joint-score",0.00519999999999998,0.00101714895664303,26,5000
252,2000,2000,0.8,0.9,1,0.6,"target-fixed","joint-score",0.001000200040008,0.000447079303880627,5,4999
252,2000,2000,0.8,0.9,1,0.6,"normal-recon","joint-score",0.00480096019203835,0.000977636614148856,24,4999
252,2000,2000,0.8,0.9,1,0.6,"reported-cov","joint-score",0.00440088017603524,0.000936203920894683,22,4999
