"scenario","geometry","n_arm","gamma_C","prior","mu_target","positive_control","par","n","coverage","coverage_mcse","wrong","width","W","estimable","fire_r_contraction","fire_r_prioronly","fire_r_powerscale","fire_r_refit","fire_composite","contraction","prior_sens","lik_sens","harmful","clean"
49,"agd-wide",100,0,"regular",0,FALSE,"Delta_CB",2000,0.958,0.00448530935387962,0.004,0.523651976719013,0,1,0,0,0,0.672,0,0.964308950645971,0.0316942208781095,0.239706587410939,FALSE,TRUE
73,"disconnected",100,0,"regular",0,FALSE,"Delta_CB",2000,0.9495,0.00489641450451246,0.022,0.745552815013101,0,1,0,0,0,0.918,0,0.92765131348284,0.0654138477507981,0.235510567238513,FALSE,TRUE
97,"within-ipd",100,0,"regular",0,FALSE,"Delta_CB",2000,0.963,0.00422084114839685,0.0105,0.659455935332011,0,1,0,0,0,0.245,0,0.943396226415094,0.0245244678170453,0.236439182895513,FALSE,TRUE
61,"agd-wide",400,0,"regular",0,FALSE,"Delta_CB",2000,0.957,0.00453602248671675,0.001,0.37481144294852,0,1,0,0,0,0.5035,0,0.981714808836638,0.0217993917545593,0.244375641292216,FALSE,TRUE
85,"disconnected",400,0,"regular",0,FALSE,"Delta_CB",2000,0.956,0.00458606585212206,0.0095,0.55599866691263,0,1,0,0,0,0.9545,0,0.959763395621567,0.0512982641540464,0.242052009165252,FALSE,TRUE
109,"within-ipd",400,0,"regular",0,FALSE,"Delta_CB",2000,0.9495,0.00489641450451246,0.008,0.47304788365937,0,1,0,0,0,0.061,0,0.970873786407767,0.0139056444564201,0.242613770965157,FALSE,TRUE
55,"agd-wide",100,0.4,"regular",0,FALSE,"Delta_CB",2000,0.952,0.00477995815881269,0.007,0.523651976719013,0,1,0,0,0,0.637,0,0.964308950645971,0.0313579145086665,0.239687621846962,FALSE,TRUE
79,"disconnected",100,0.4,"regular",0,FALSE,"Delta_CB",2000,0.9595,0.00440793318914885,0.0135,0.745552815013101,0,1,0,0,0,0.923,0,0.92765131348284,0.064171572238098,0.235110740107938,FALSE,TRUE
103,"within-ipd",100,0.4,"regular",0,FALSE,"Delta_CB",2000,0.9595,0.00440793318914885,0.01,0.659455935332011,0,1,0,0,0,0.239,0,0.943396226415094,0.0242610379979877,0.236403461540507,FALSE,TRUE
67,"agd-wide",400,0.4,"regular",0,FALSE,"Delta_CB",2000,0.9475,0.00498717104178311,0.003,0.37481144294852,0,1,0,0,0,0.4985,0,0.981714808836638,0.0216889839783238,0.244369064852419,FALSE,TRUE
91,"disconnected",400,0.4,"regular",0,FALSE,"Delta_CB",2000,0.956,0.00458606585212206,0.0105,0.55599866691263,0,1,0,0,0,0.9575,0,0.959763395621567,0.0512764437015362,0.24203839848768,FALSE,TRUE
115,"within-ipd",400,0.4,"regular",0,FALSE,"Delta_CB",2000,0.955,0.00463546114210873,0.008,0.47304788365937,0,1,0,0,0,0.0515,0,0.970873786407767,0.0137629019435034,0.242605414970855,FALSE,TRUE
51,"agd-wide",100,0,"tight",0,FALSE,"Delta_CB",2000,0.952,0.00477995815881269,0,0.469372088881079,0,1,0,0,0,0.8455,0,0.820779220779221,0.112532154568615,0.219250822089108,FALSE,TRUE
75,"disconnected",100,0,"tight",0,FALSE,"Delta_CB",2000,0.935,0.00551248582764618,0.0275,0.615321747625344,0,1,0,0.129,0,0.989,0.1285,0.691994572591588,0.157334258132666,0.207495814394149,FALSE,FALSE
99,"within-ipd",100,0,"tight",0,FALSE,"Delta_CB",2000,0.978,0.00327993902382346,0.0065,0.57901173389479,0,1,0,0.1035,0,0.719,0,0.727272727272727,0.108690683471878,0.202877977405095,FALSE,TRUE
63,"agd-wide",400,0,"tight",0,FALSE,"Delta_CB",2000,0.953,0.00473238840333293,5e-04,0.352942317875391,0,1,0,0,0,0.8615,0,0.898664571877455,0.0977627782806269,0.23741693136991,FALSE,TRUE
87,"disconnected",400,0,"tight",0,FALSE,"Delta_CB",2000,0.925,0.00588960949469487,0.019,0.493938019306643,0,1,0,0,0,0.989,0,0.801528226072064,0.16640243908866,0.248559109544548,FALSE,FALSE
111,"within-ipd",400,0,"tight",0,FALSE,"Delta_CB",2000,0.97,0.00381444622455213,0.004,0.440561870191521,0,1,0,0,0,0.6605,0,0.842105263157895,0.0707235626344032,0.219806504192971,FALSE,TRUE
57,"agd-wide",100,0.4,"tight",0,FALSE,"Delta_CB",2000,0.9575,0.00451075104611194,0.0015,0.469372088881079,0,1,0,0,0,0.844,0,0.820779220779221,0.114956853315233,0.220713135770884,FALSE,TRUE
81,"disconnected",100,0.4,"tight",0,FALSE,"Delta_CB",2000,0.94,0.0053103672189407,0.0285,0.615321747625344,0,1,0,0.1265,0,0.988,0.125,0.691994572591588,0.157812302626091,0.207688403736633,FALSE,TRUE
105,"within-ipd",100,0.4,"tight",0,FALSE,"Delta_CB",2000,0.9725,0.00365675744341896,0.0085,0.57901173389479,0,1,0,0.106,0,0.724,0,0.727272727272727,0.108840365859787,0.202830699553969,FALSE,TRUE
69,"agd-wide",400,0.4,"tight",0,FALSE,"Delta_CB",2000,0.9605,0.00435544199823623,0,0.352942317875391,0,1,0,0,0,0.8645,0,0.898664571877455,0.099175654394348,0.238016344374246,FALSE,TRUE
93,"disconnected",400,0.4,"tight",0,FALSE,"Delta_CB",2000,0.928,0.0057799653978203,0.0245,0.493938019306643,0,1,0,0,0,0.9895,0,0.801528226072064,0.167354347813113,0.249240081472843,FALSE,FALSE
117,"within-ipd",400,0.4,"tight",0,FALSE,"Delta_CB",2000,0.968,0.00393547964039963,0.0045,0.440561870191521,0,1,0,0,0,0.6505,0,0.842105263157895,0.0709493234638899,0.219873872492043,FALSE,TRUE
53,"agd-wide",100,0,"weak",0,FALSE,"Delta_CB",2000,0.949,0.00491929873051028,0.011,0.535905161872144,0,1,0,0,0,0,0,0.997663694022844,0.00224159850535547,0.24876236354822,FALSE,TRUE
77,"disconnected",100,0,"weak",0,FALSE,"Delta_CB",2000,0.9555,0.00461084319837489,0.012,0.781367945106599,0,1,0,0,0,0,0,0.995033333248694,0.00518517532442983,0.247935794097967,FALSE,TRUE
101,"within-ipd",100,0,"weak",0,FALSE,"Delta_CB",2000,0.9575,0.00451075104611194,0.0135,0.677681975750669,0,1,0,0,0,0,0,0.99626400996264,0.00162710440096934,0.248615483014687,FALSE,TRUE
65,"agd-wide",400,0,"weak",0,FALSE,"Delta_CB",2000,0.9585,0.00445969449626317,0.003,0.379243364229198,0,1,0,0,0,0,0,0.998829989334577,0.00141311747423402,0.249153048635349,FALSE,TRUE
89,"disconnected",400,0,"weak",0,FALSE,"Delta_CB",2000,0.9555,0.00461084319837489,0.008,0.57041242191005,0,1,0,0,0,0,0,0.997353135014453,0.00366894404292109,0.248690682352618,FALSE,TRUE
113,"within-ipd",400,0,"weak",0,FALSE,"Delta_CB",2000,0.9505,0.0048502448391808,0.008,0.479641714111227,0,1,0,0,0,0,0,0.99812850904554,0.000887818960866175,0.249079866835553,FALSE,TRUE
59,"agd-wide",100,0.4,"weak",0,FALSE,"Delta_CB",2000,0.949,0.00491929873051028,0.006,0.535905161872144,0,1,0,0,0,0,0,0.997663694022844,0.00222604913429175,0.248762156300782,FALSE,TRUE
83,"disconnected",100,0.4,"weak",0,FALSE,"Delta_CB",2000,0.954,0.00468422885862764,0.0135,0.781367945106599,0,1,0,0,0,0,0,0.995033333248694,0.00518706951406842,0.247935700650355,FALSE,TRUE
107,"within-ipd",100,0.4,"weak",0,FALSE,"Delta_CB",2000,0.947,0.0050095408971282,0.011,0.677681975750669,0,1,0,0,0,0,0,0.99626400996264,0.00166310258406962,0.248615867699774,FALSE,TRUE
71,"agd-wide",400,0.4,"weak",0,FALSE,"Delta_CB",2000,0.946,0.00505390937789747,0.002,0.379243364229198,0,1,0,0,0,0,0,0.998829989334577,0.00145692646936043,0.249153318366526,FALSE,TRUE
95,"disconnected",400,0.4,"weak",0,FALSE,"Delta_CB",2000,0.952,0.00477995815881269,0.0115,0.57041242191005,0,1,0,0,0,0,0,0.997353135014453,0.00369189491941367,0.24869115925782,FALSE,TRUE
119,"within-ipd",400,0.4,"weak",0,FALSE,"Delta_CB",2000,0.955,0.00463546114210873,0.007,0.479641714111227,0,1,0,0,0,0,0,0.99812850904554,0.000880301645297358,0.249079839671812,FALSE,TRUE
50,"agd-wide",100,0,"regular",0.75,FALSE,"Delta_CB",2000,0.96,0.00438178046004133,0.032,0.642245918315381,0,1,0,0,0,0.9355,0,0.952931144119453,0.0636891449063366,0.239849604971419,FALSE,TRUE
74,"disconnected",100,0,"regular",0.75,FALSE,"Delta_CB",2000,0.975,0.00349106001094224,0.009,0.947692645555776,0,1,0,0,0,0.8745,0,0.897513666368303,0.096578386576434,0.201608890854865,FALSE,TRUE
98,"within-ipd",100,0,"regular",0.75,FALSE,"Delta_CB",2000,0.959,0.00443390347211123,0.0305,0.760747683491902,0,1,0,0,0,0.598,0,0.933959217063403,0.0356751421257614,0.233089298451181,FALSE,TRUE
62,"agd-wide",400,0,"regular",0.75,FALSE,"Delta_CB",2000,0.9465,0.00503178646208283,0.027,0.4429370410283,0,1,0,0,0,0.9075,0,0.977612018655852,0.0353966637368862,0.243897103335902,FALSE,TRUE
86,"disconnected",400,0,"regular",0.75,FALSE,"Delta_CB",2000,0.969,0.0038754999677461,0.011,0.735650476371379,0,1,0,0,0,0.879,0,0.938244736769235,0.0951120899806361,0.211361324735209,FALSE,TRUE
110,"within-ipd",400,0,"regular",0.75,FALSE,"Delta_CB",2000,0.9475,0.00498717104178311,0.022,0.514307761089669,0,1,0,0,0,0.048,0,0.969815979147667,0.0134468407881425,0.242242309735846,FALSE,TRUE
56,"agd-wide",100,0.4,"regular",0.75,FALSE,"Delta_CB",2000,0.953,0.00473238840333293,0,0.642245918315381,0,1,0,0,0,0.4845,0,0.952931144119453,0.0329588307100489,0.23281857263135,FALSE,TRUE
80,"disconnected",100,0.4,"regular",0.75,FALSE,"Delta_CB",2000,0.9135,0.00628560856242258,0.012,0.947692645555776,0,1,0,0,0,0.958,0,0.897513666368303,0.137460804222023,0.226433403297388,FALSE,FALSE
104,"within-ipd",100,0.4,"regular",0.75,FALSE,"Delta_CB",2000,0.9525,0.00475624589355933,0.002,0.760747683491902,0,1,0,0,0,0.7425,0,0.933959217063403,0.0484115178384494,0.235809680830073,FALSE,TRUE
68,"agd-wide",400,0.4,"regular",0.75,FALSE,"Delta_CB",2000,0.9545,0.00465992220965114,0,0.4429370410283,0,1,0,0,0,0.346,0,0.977612018655852,0.0254479184917255,0.242616309169911,FALSE,TRUE
92,"disconnected",400,0.4,"regular",0.75,FALSE,"Delta_CB",2000,0.917,0.00616891400491205,0.0045,0.735650476371379,0,1,0,0,0,0.9835,0,0.938244736769235,0.166556980498241,0.254314278994049,FALSE,FALSE
116,"within-ipd",400,0.4,"regular",0.75,FALSE,"Delta_CB",2000,0.9435,0.00516273909857936,0,0.514307761089669,0,1,0,0,0,0.408,0,0.969815979147667,0.0244646533674768,0.243204812530861,FALSE,TRUE
52,"agd-wide",100,0,"tight",0.75,FALSE,"Delta_CB",2000,0.908,0.00646281672337998,0.081,0.550436114366544,0,1,0,0,0,0.98,0,0.783914913477859,0.18678701116269,0.249642267535622,FALSE,FALSE
76,"disconnected",100,0,"tight",0.75,FALSE,"Delta_CB",2000,0.985,0.00271799558498538,0.0015,0.700212028198772,0.103369318642374,1,0,0.095,0,0.965,0.0885,0.65032056879018,0.147337788372731,0.171023176186775,FALSE,TRUE
100,"within-ipd",100,0,"tight",0.75,FALSE,"Delta_CB",2000,0.9795,0.00316857617866448,0.0185,0.648015027820112,0,1,0,0.121,0,0.846,0.09,0.700510839454088,0.119240880804959,0.194956939672142,FALSE,TRUE
64,"agd-wide",400,0,"tight",0.75,FALSE,"Delta_CB",2000,0.931,0.00566740681440815,0.045,0.409728076909945,0,1,0,0,0,0.985,0,0.880270159450912,0.163339115122936,0.264118843350202,FALSE,FALSE
88,"disconnected",400,0,"tight",0.75,FALSE,"Delta_CB",2000,0.961,0.00432891441356837,0,0.569527888557445,0.153882612479911,1,0,0,0,0.997,0,0.768665213246202,0.127593449369045,0.189965915559547,FALSE,TRUE
112,"within-ipd",400,0,"tight",0.75,FALSE,"Delta_CB",2000,0.9665,0.00402354010791492,0.015,0.47759932814024,0,1,0,0,0,0.7005,0,0.837318425189405,0.0684936612259333,0.217230011535494,FALSE,TRUE
58,"agd-wide",100,0.4,"tight",0.75,FALSE,"Delta_CB",2000,0.9805,0.00309190475273738,5e-04,0.550436114366544,0,1,0,0,0,0.9485,0,0.783914913477859,0.11137894481016,0.196536443882318,FALSE,TRUE
82,"disconnected",100,0.4,"tight",0.75,FALSE,"Delta_CB",2000,0.658,0.0106074502119972,0.0355,0.700212028198772,0.103369318642374,1,0,0.141,0,0.9935,0.1395,0.65032056879018,0.161431835540408,0.183759337967589,TRUE,FALSE
106,"within-ipd",100,0.4,"tight",0.75,FALSE,"Delta_CB",2000,0.954,0.00468422885862764,0.002,0.648015027820112,0,1,0,0.0755,0,0.905,0.042,0.700510839454088,0.159975905688243,0.224200984508747,FALSE,TRUE
70,"agd-wide",400,0.4,"tight",0.75,FALSE,"Delta_CB",2000,0.962,0.00427527776875375,0,0.409728076909945,0,1,0,0,0,0.793,0,0.880270159450912,0.0828104856927798,0.222420385906822,FALSE,TRUE
94,"disconnected",400,0.4,"tight",0.75,FALSE,"Delta_CB",2000,0.472,0.0111627953488362,0.052,0.569527888557445,0.153882612479911,1,0,0,0,0.997,0,0.768665213246202,0.200081326682229,0.246185115391938,TRUE,FALSE
118,"within-ipd",400,0.4,"tight",0.75,FALSE,"Delta_CB",2000,0.953,0.00473238840333293,0,0.47759932814024,0,1,0,0,0,0.9395,0,0.837318425189405,0.11987741705725,0.240059137885965,FALSE,TRUE
54,"agd-wide",100,0,"weak",0.75,FALSE,"Delta_CB",2000,0.9525,0.00475624589355933,0.0215,0.66659849939493,0,1,0,0,0,0,0,0.99683087319462,0.00481699838502952,0.248275545716704,FALSE,TRUE
78,"disconnected",100,0,"weak",0.75,FALSE,"Delta_CB",2000,0.959,0.00443390347211123,0.0315,1.18161647591164,0,1,0,0,0,0.4705,0,0.990042185553334,0.0289291172493645,0.235910623564753,FALSE,TRUE
102,"within-ipd",100,0,"weak",0.75,FALSE,"Delta_CB",2000,0.9445,0.00511955808639769,0.0335,0.789699879782536,0,1,0,0,0,0,0,0.995552303982182,0.00274634336225665,0.24824470690113,FALSE,TRUE
66,"agd-wide",400,0,"weak",0.75,FALSE,"Delta_CB",2000,0.9535,0.00470838348055891,0.0155,0.450100740679965,0,1,0,0,0,0,0,0.998555124560911,0.00240632629290974,0.249009950989846,FALSE,TRUE
90,"disconnected",400,0,"weak",0.75,FALSE,"Delta_CB",2000,0.95,0.00487339717240448,0.0265,0.866726471439894,0,1,0,0,0,0.2655,0,0.994642340915663,0.0172839420473457,0.24121339806703,FALSE,TRUE
114,"within-ipd",400,0,"weak",0.75,FALSE,"Delta_CB",2000,0.946,0.00505390937789747,0.0205,0.521811455559217,0,1,0,0,0,0,0,0.998058049427815,0.000905681086415024,0.249057683805432,FALSE,TRUE
60,"agd-wide",100,0.4,"weak",0.75,FALSE,"Delta_CB",2000,0.9545,0.00465992220965114,0,0.66659849939493,0,1,0,0,0,0,0,0.99683087319462,0.00244477459905541,0.248236481292894,FALSE,TRUE
84,"disconnected",100,0.4,"weak",0.75,FALSE,"Delta_CB",2000,0.959,0.00443390347211123,0.0055,1.18161647591164,0,1,0,0,0,0.681,0,0.990042185553334,0.0396445691843492,0.2378282827427,FALSE,TRUE
108,"within-ipd",100,0.4,"weak",0.75,FALSE,"Delta_CB",2000,0.9475,0.00498717104178311,0.002,0.789699879782536,0,1,0,0,0,0,0,0.995552303982182,0.00370486451396994,0.248259283720984,FALSE,TRUE
72,"agd-wide",400,0.4,"weak",0.75,FALSE,"Delta_CB",2000,0.9595,0.00440793318914885,0,0.450100740679965,0,1,0,0,0,0,0,0.998555124560911,0.00188993746290675,0.24900542077537,FALSE,TRUE
96,"disconnected",400,0.4,"weak",0.75,FALSE,"Delta_CB",2000,0.957,0.00453602248671675,0.004,0.866726471439894,0,1,0,0,0,0.6265,0,0.994642340915663,0.0291343341923533,0.242575371352905,FALSE,TRUE
120,"within-ipd",400,0.4,"weak",0.75,FALSE,"Delta_CB",2000,0.9455,0.00507591124823908,0,0.521811455559217,0,1,0,0,0,0,0,0.998058049427815,0.00157215447838857,0.24906139764853,FALSE,TRUE
1,"agd-flat",100,0,"regular",0,TRUE,"Delta_CB",2000,0.951,0.00482695556225661,0.006,0.523651976719013,0,1,0,0,0,0.6475,0,0.964308950645971,0.031176871278699,0.239645160782468,FALSE,TRUE
25,"agd-narrow",100,0,"regular",0,TRUE,"Delta_CB",2000,0.95,0.00487339717240448,0.009,0.523651976719013,0,1,0,0,0,0.6565,0,0.964308950645971,0.0318193022174231,0.239766375360522,FALSE,TRUE
13,"agd-flat",400,0,"regular",0,TRUE,"Delta_CB",2000,0.947,0.0050095408971282,0.0045,0.37481144294852,0,1,0,0,0,0.5105,0,0.981714808836638,0.0218969298514947,0.244391539091236,FALSE,TRUE
37,"agd-narrow",400,0,"regular",0,TRUE,"Delta_CB",2000,0.958,0.00448530935387962,0.0025,0.37481144294852,0,1,0,0,0,0.4795,0,0.981714808836638,0.0214493388250037,0.244346938384906,FALSE,TRUE
7,"agd-flat",100,0.4,"regular",0,TRUE,"Delta_CB",2000,0.9585,0.00445969449626317,0.007,0.523651976719013,0,1,0,0,0,0.652,0,0.964308950645971,0.0315684498730076,0.239709015586295,FALSE,TRUE
31,"agd-narrow",100,0.4,"regular",0,TRUE,"Delta_CB",2000,0.9515,0.00480352734977121,0.0075,0.523651976719013,0,1,0,0,0,0.6295,0,0.964308950645971,0.0310078432663739,0.239640452113783,FALSE,TRUE
19,"agd-flat",400,0.4,"regular",0,TRUE,"Delta_CB",2000,0.959,0.00443390347211123,0.0035,0.37481144294852,0,1,0,0,0,0.4945,0,0.981714808836638,0.0216572788783625,0.244362962132041,FALSE,TRUE
43,"agd-narrow",400,0.4,"regular",0,TRUE,"Delta_CB",2000,0.9515,0.00480352734977121,5e-04,0.37481144294852,0,1,0,0,0,0.5065,0,0.981714808836638,0.0217847550699704,0.244375998473348,FALSE,TRUE
3,"agd-flat",100,0,"tight",0,TRUE,"Delta_CB",2000,0.9655,0.00408103847078167,0,0.469372088881079,0,1,0,0,0,0.8475,0,0.820779220779221,0.112939546404827,0.219398320908459,FALSE,TRUE
27,"agd-narrow",100,0,"tight",0,TRUE,"Delta_CB",2000,0.955,0.00463546114210873,0.0015,0.469372088881079,0,1,0,0,0,0.8485,0,0.820779220779221,0.112454733597333,0.219180287409058,FALSE,TRUE
15,"agd-flat",400,0,"tight",0,TRUE,"Delta_CB",2000,0.9535,0.00470838348055891,0.0015,0.352942317875391,0,1,0,0,0,0.861,0,0.898664571877455,0.0979336474880967,0.237546602948469,FALSE,TRUE
39,"agd-narrow",400,0,"tight",0,TRUE,"Delta_CB",2000,0.948,0.00496467521596328,0.0015,0.352942317875391,0,1,0,0,0,0.848,0,0.898664571877455,0.0991521061910642,0.238221082121918,FALSE,TRUE
9,"agd-flat",100,0.4,"tight",0,TRUE,"Delta_CB",2000,0.9525,0.00475624589355933,0,0.469372088881079,0,1,0,0,0,0.8435,0,0.820779220779221,0.113388517799804,0.219739740867496,FALSE,TRUE
33,"agd-narrow",100,0.4,"tight",0,TRUE,"Delta_CB",2000,0.9635,0.0041933131292571,5e-04,0.469372088881079,0,1,0,0,0,0.852,0,0.820779220779221,0.112249601665999,0.218991580468532,FALSE,TRUE
21,"agd-flat",400,0.4,"tight",0,TRUE,"Delta_CB",2000,0.9535,0.00470838348055891,0,0.352942317875391,0,1,0,0,0,0.861,0,0.898664571877455,0.0996764948901364,0.238327439095847,FALSE,TRUE
45,"agd-narrow",400,0.4,"tight",0,TRUE,"Delta_CB",2000,0.954,0.00468422885862764,0,0.352942317875391,0,1,0,0,0,0.852,0,0.898664571877455,0.0994018061008857,0.238227921907966,FALSE,TRUE
5,"agd-flat",100,0,"weak",0,TRUE,"Delta_CB",2000,0.9495,0.00489641450451246,0.0075,0.535905161872144,0,1,0,0,0,0,0,0.997663694022844,0.00219666448710266,0.24876192448012,FALSE,TRUE
29,"agd-narrow",100,0,"weak",0,TRUE,"Delta_CB",2000,0.94,0.0053103672189407,0.007,0.535905161872144,0,1,0,0,0,0,0,0.997663694022844,0.00221054503854796,0.248761962924788,FALSE,TRUE
17,"agd-flat",400,0,"weak",0,TRUE,"Delta_CB",2000,0.9435,0.00516273909857936,0.003,0.379243364229198,0,1,0,0,0,0,0,0.998829989334577,0.00146044684074593,0.249153322823706,FALSE,TRUE
41,"agd-narrow",400,0,"weak",0,TRUE,"Delta_CB",2000,0.9495,0.00489641450451246,0.003,0.379243364229198,0,1,0,0,0,0,0,0.998829989334577,0.00143698050335945,0.249153214773757,FALSE,TRUE
11,"agd-flat",100,0.4,"weak",0,TRUE,"Delta_CB",2000,0.9465,0.00503178646208283,0.0105,0.535905161872144,0,1,0,0,0,0,0,0.997663694022844,0.00221221414185949,0.248762118409041,FALSE,TRUE
35,"agd-narrow",100,0.4,"weak",0,TRUE,"Delta_CB",2000,0.96,0.00438178046004133,0.008,0.535905161872144,0,1,0,0,0,0,0,0.997663694022844,0.00221452874483562,0.248762026054419,FALSE,TRUE
23,"agd-flat",400,0.4,"weak",0,TRUE,"Delta_CB",2000,0.9475,0.00498717104178311,0.005,0.379243364229198,0,1,0,0,0,0,0,0.998829989334577,0.00144391258154088,0.249153259450495,FALSE,TRUE
47,"agd-narrow",400,0.4,"weak",0,TRUE,"Delta_CB",2000,0.951,0.00482695556225661,0.002,0.379243364229198,0,1,0,0,0,0,0,0.998829989334577,0.00146203625958636,0.249153345383877,FALSE,TRUE
2,"agd-flat",100,0,"regular",0.75,TRUE,"Delta_CB",2000,0.998,0.000998999499499375,0.0025,0.941458439352837,0.609475723769735,0,0,0,0,0.997,0,0.898857602998265,0.164600448185754,0.100709082440407,FALSE,TRUE
26,"agd-narrow",100,0,"regular",0.75,TRUE,"Delta_CB",2000,0.9955,0.00149662119455792,0.0045,0.900937914669888,0.573557369141958,1,0,0,0,0.9355,0,0.9073766117008,0.158043050296367,0.149125340466535,FALSE,TRUE
14,"agd-flat",400,0,"regular",0.75,TRUE,"Delta_CB",2000,1,0,0,0.837291974681767,0.770557160143673,0,0,0,0,0.7575,0,0.92000095670392,0.19472016959336,0.0589876914691865,FALSE,TRUE
38,"agd-narrow",400,0,"regular",0.75,TRUE,"Delta_CB",2000,0.997,0.00122290637417588,0.0035,0.754901951372375,0,1,0,0,0,0.9375,0,0.93497025782537,0.172016694027462,0.152096220017668,FALSE,TRUE
8,"agd-flat",100,0.4,"regular",0.75,TRUE,"Delta_CB",2000,0.92,0.00606630035524124,0.003,0.941458439352837,0.609475723769735,0,0,0,0,0.996,0,0.898857602998265,0.164722571596181,0.100900682654041,FALSE,FALSE
32,"agd-narrow",100,0.4,"regular",0.75,TRUE,"Delta_CB",2000,0.919,0.00610077863882964,0.0065,0.900937914669888,0.573557369141958,1,0,0,0,0.9265,0,0.9073766117008,0.155081464550284,0.146196226273359,FALSE,FALSE
20,"agd-flat",400,0.4,"regular",0.75,TRUE,"Delta_CB",2000,0.901,0.00667828570817392,5e-04,0.837291974681767,0.770557160143673,0,0,0,0,0.7585,0,0.92000095670392,0.194741606085347,0.0590550308298938,FALSE,FALSE
44,"agd-narrow",400,0.4,"regular",0.75,TRUE,"Delta_CB",2000,0.896,0.00682583328246449,0.0055,0.754901951372375,0,1,0,0,0,0.9525,0,0.93497025782537,0.18767254161438,0.169355693231388,TRUE,FALSE
4,"agd-flat",100,0,"tight",0.75,TRUE,"Delta_CB",2000,0.9455,0.00507591124823908,0.053,0.590827745990852,0.24760358925673,0,0,0,0,0.9995,0,0.751038198592015,0.19704967452531,0.212530167962701,FALSE,TRUE
28,"agd-narrow",100,0,"tight",0.75,TRUE,"Delta_CB",2000,0.9415,0.0052477495176504,0.058,0.588995131509972,0.242914254549785,1,0,0,0,0.999,0,0.752580250100793,0.196131446151143,0.214785233918258,FALSE,TRUE
16,"agd-flat",400,0,"tight",0.75,TRUE,"Delta_CB",2000,0.9775,0.00331615364541512,0.0155,0.477497938843248,0.379084212187831,0,0,0,0,0.999,0,0.837387489020791,0.180589607667219,0.191067744417952,FALSE,TRUE
40,"agd-narrow",400,0,"tight",0.75,TRUE,"Delta_CB",2000,0.9765,0.0033873108803297,0.0145,0.473059716809792,0.367378758345174,1,0,0,0,0.999,0,0.840396324507451,0.179625922644256,0.199999091902491,FALSE,TRUE
10,"agd-flat",100,0.4,"tight",0.75,TRUE,"Delta_CB",2000,0.841,0.00817676586432558,0.0025,0.590827745990852,0.24760358925673,0,0,0,0,1,0,0.751038198592015,0.197560959854065,0.21296846088941,TRUE,FALSE
34,"agd-narrow",100,0.4,"tight",0.75,TRUE,"Delta_CB",2000,0.8645,0.00765309577883356,0.0015,0.588995131509972,0.242914254549785,1,0,0,0,0.9985,0,0.752580250100793,0.182472973116617,0.202258332591081,TRUE,FALSE
22,"agd-flat",400,0.4,"tight",0.75,TRUE,"Delta_CB",2000,0.5045,0.0111798870745639,0.008,0.477497938843248,0.379084212187831,0,0,0,0,0.9995,0,0.837387489020791,0.180314070156979,0.190804453541385,TRUE,FALSE
46,"agd-narrow",400,0.4,"tight",0.75,TRUE,"Delta_CB",2000,0.5225,0.0111690140567554,0.01,0.473059716809792,0.367378758345174,1,0,0,0,0.998,0,0.840396324507451,0.154313515077189,0.177377803120297,TRUE,FALSE
6,"agd-flat",100,0,"weak",0.75,TRUE,"Delta_CB",2000,1,0,0,3.00210979296537,0.959015348306015,0,0,0,1,0.6365,0.6365,0.93572174238366,0.239331825992916,0.0103267810624786,FALSE,TRUE
30,"agd-narrow",100,0,"weak",0.75,TRUE,"Delta_CB",2000,0.9725,0.00365675744341896,0.024,1.67133640144158,0,1,0,0,0,0.7945,0,0.980077735681611,0.0927413021605245,0.203183773303755,FALSE,TRUE
18,"agd-flat",400,0,"weak",0.75,TRUE,"Delta_CB",2000,1,0,0,2.96786512269212,0.981274198814774,0,0,0,1,0.5405,0.5405,0.937179805918779,0.244863105776657,0.00472348731897564,FALSE,TRUE
42,"agd-narrow",400,0,"weak",0.75,TRUE,"Delta_CB",2000,0.963,0.00422084114839685,0.0275,1.25483101819084,0,1,0,0,0,0.6545,0,0.988769956345741,0.057492558004837,0.218564180558931,FALSE,TRUE
12,"agd-flat",100,0.4,"weak",0.75,TRUE,"Delta_CB",2000,1,0,0,3.00210979296537,0.959015348306015,0,0,0,1,0.645,0.645,0.93572174238366,0.239331809379169,0.0103264125585144,FALSE,TRUE
36,"agd-narrow",100,0.4,"weak",0.75,TRUE,"Delta_CB",2000,0.979,0.00320616593457045,0.0055,1.67133640144158,0,1,0,0,0,0.8315,0,0.980077735681611,0.102381803352119,0.208519117409492,FALSE,TRUE
24,"agd-flat",400,0.4,"weak",0.75,TRUE,"Delta_CB",2000,1,0,0,2.96786512269212,0.981274198814774,0,0,0,1,0.5645,0.5645,0.937179805918779,0.244863104738631,0.00472343524540453,FALSE,TRUE
48,"agd-narrow",400,0.4,"weak",0.75,TRUE,"Delta_CB",2000,0.9645,0.00413761706783023,0.0085,1.25483101819084,0,1,0,0,0,0.7605,0,0.988769956345741,0.0685704048021398,0.222517519546812,FALSE,TRUE
49,"agd-wide",100,0,"regular",0,FALSE,"gamma_C",2000,0.9585,0.00445969449626317,0.092,0.343423219882016,0,1,0,0,0,0.475,0,0.87719300041038,0.0483153034310886,0.222661672116267,FALSE,TRUE
73,"disconnected",100,0,"regular",0,FALSE,"gamma_C",2000,0.9965,0.00132055859392909,0.014,0.693262684630944,0,1,0,0.155,0,0.9115,0.1205,0.49955142321181,0.196284428573656,0.15015842120519,FALSE,TRUE
97,"within-ipd",100,0,"regular",0,FALSE,"gamma_C",2000,0.9635,0.0041933131292571,0.08,0.357590588110888,0,1,0,0,0,0.4985,0,0.866851595006935,0.0516335239057324,0.220554791139797,FALSE,TRUE
61,"agd-wide",400,0,"regular",0,FALSE,"gamma_C",2000,0.9565,0.00456112650559048,0.0905,0.250654319229668,0,1,0,0,0,0.23,0,0.934579449442453,0.0258482831486142,0.234227384712209,FALSE,TRUE
85,"disconnected",400,0,"regular",0,FALSE,"gamma_C",2000,0.992,0.0019919839356782,0.021,0.613446394413415,0,1,0,0.1275,0,0.9025,0.1005,0.608152531229454,0.166295507005783,0.169914277574067,FALSE,TRUE
109,"within-ipd",400,0,"regular",0,FALSE,"gamma_C",2000,0.95,0.00487339717240448,0.104,0.190293744586764,0,1,0,0,0,0.055,0,0.96229379418696,0.0151815678072519,0.240466348077742,FALSE,TRUE
55,"agd-wide",100,0.4,"regular",0,FALSE,"gamma_C",2000,0.924,0.0059255379502624,0,0.343423219882016,0,1,0,0,0,0.999,0,0.87719300041038,0.176297020085191,0.280356039055487,FALSE,FALSE
79,"disconnected",100,0.4,"regular",0,FALSE,"gamma_C",2000,0.871,0.00749529852640974,0,0.693262684630944,0,1,0,0.0365,0,0.9595,0.0255,0.49955142321181,0.245542778244287,0.208275225175158,TRUE,FALSE
103,"within-ipd",100,0.4,"regular",0,FALSE,"gamma_C",2000,0.9245,0.00590761161553466,0,0.357590588110888,0,1,0,0,0,0.999,0,0.866851595006935,0.181800604782656,0.281757543140633,FALSE,FALSE
67,"agd-wide",400,0.4,"regular",0,FALSE,"gamma_C",2000,0.947,0.0050095408971282,0,0.250654319229668,0,1,0,0,0,1,0,0.934579449442453,0.137892410728195,0.270545489016991,FALSE,TRUE
91,"disconnected",400,0.4,"regular",0,FALSE,"gamma_C",2000,0.865,0.00764117137617002,0,0.613446394413415,0,1,0,0.019,0,0.977,0.0115,0.608152531229454,0.242913331233468,0.245565653471486,TRUE,FALSE
115,"within-ipd",400,0.4,"regular",0,FALSE,"gamma_C",2000,0.949,0.00491929873051028,0,0.190293744586764,0,1,0,0,0,1,0,0.96229379418696,0.107303663911356,0.26275388695112,FALSE,TRUE
51,"agd-wide",100,0,"tight",0,FALSE,"gamma_C",2000,0.9915,0.00205277251540447,0.0215,0.267782047467055,0,1,0,0.141,0,0.7655,0,0.533333374814811,0.159601338203086,0.172820103962195,FALSE,TRUE
75,"disconnected",100,0,"tight",0,FALSE,"gamma_C",2000,1,0,0,0.351103877473714,0.730898396364804,1,1,0.2215,0.2175,0.8275,0.95,0.19774011299435,0.232692404758812,0.0989252571149199,FALSE,TRUE
99,"within-ipd",100,0,"tight",0,FALSE,"gamma_C",2000,0.994,0.0017268468374468,0.017,0.274337810077446,0,1,0,0.1355,0,0.7795,0,0.510204081632653,0.165629458299101,0.169646235996994,FALSE,TRUE
63,"agd-wide",400,0,"tight",0,FALSE,"gamma_C",2000,0.975,0.00349106001094224,0.0545,0.216253509153347,0,1,0,0.1285,0,0.676,0,0.695652209199744,0.110044625221866,0.193083134524527,FALSE,TRUE
87,"disconnected",400,0,"tight",0,FALSE,"gamma_C",2000,1,0,0.002,0.33568257636299,0.787479787288033,1,0,0.1945,0,0.882,0.14,0.266666666666667,0.224761547573469,0.111696058295673,FALSE,TRUE
111,"within-ipd",400,0,"tight",0,FALSE,"gamma_C",2000,0.968,0.00393547964039963,0.0695,0.173861648121226,0,1,0,0,0,0.621,0,0.80327868852459,0.075492160168699,0.209791276501676,FALSE,TRUE
57,"agd-wide",100,0.4,"tight",0,FALSE,"gamma_C",2000,0.144,0.00785060507222214,0,0.267782047467055,0,1,0,0,0,1,0,0.533333374814811,0.528241890998901,0.532062880452939,TRUE,FALSE
81,"disconnected",100,0.4,"tight",0,FALSE,"gamma_C",2000,0,0,0,0.351103877473714,0.730898396364804,1,1,0.0635,0.056,0.946,0.983,0.19774011299435,0.278926830273315,0.177908413298874,TRUE,FALSE
105,"within-ipd",100,0.4,"tight",0,FALSE,"gamma_C",2000,0.1255,0.00740775775791838,0,0.274337810077446,0,1,0,0,0,1,0,0.510204081632653,0.516947448437476,0.518160837852897,TRUE,FALSE
69,"agd-wide",400,0.4,"tight",0,FALSE,"gamma_C",2000,0.384,0.0108752930994985,0,0.216253509153347,0,1,0,0,0,1,0,0.695652209199744,0.545559492690446,0.566159344437041,TRUE,FALSE
93,"disconnected",400,0.4,"tight",0,FALSE,"gamma_C",2000,0,0,0,0.33568257636299,0.787479787288033,1,0,0.0135,0,0.9835,0.0095,0.266666666666667,0.312688362028522,0.241385426609103,TRUE,FALSE
117,"within-ipd",400,0.4,"tight",0,FALSE,"gamma_C",2000,0.574,0.0110572148391898,0,0.173861648121226,0,1,0,0,0,1,0,0.80327868852459,0.505479527094913,0.539468067317493,TRUE,FALSE
53,"agd-wide",100,0,"weak",0,FALSE,"gamma_C",2000,0.9515,0.00480352734977121,0.1095,0.365081901164357,0,1,0,0,0,0,0,0.991325899822239,0.00356782875170581,0.247393394256795,FALSE,TRUE
77,"disconnected",100,0,"weak",0,FALSE,"gamma_C",2000,0.95,0.00487339717240448,0.099,1.11832820511105,0,1,0,0,0,0.5515,0,0.918607875762618,0.0461748801150064,0.224512176756553,FALSE,TRUE
101,"within-ipd",100,0,"weak",0,FALSE,"gamma_C",2000,0.9535,0.00470838348055891,0.103,0.382242552281166,0,1,0,0,0,0,0,0.990491283676704,0.00384517787200414,0.24718665977456,FALSE,TRUE
65,"agd-wide",400,0,"weak",0,FALSE,"gamma_C",2000,0.949,0.00491929873051028,0.102,0.258713524381738,0,1,0,0,0,0,0,0.995644057972361,0.001770498884088,0.248460464315779,FALSE,TRUE
89,"disconnected",400,0,"weak",0,FALSE,"gamma_C",2000,0.9575,0.00451075104611194,0.087,0.848244131112918,0,1,0,0,0,0.2605,0,0.953174162502314,0.0254209903372377,0.234758556984637,FALSE,TRUE
113,"within-ipd",400,0,"weak",0,FALSE,"gamma_C",2000,0.9495,0.00489641450451246,0.104,0.193749027208506,0,1,0,0,0,0,0,0.997557003257329,0.000987372119863362,0.248936660456901,FALSE,TRUE
59,"agd-wide",100,0.4,"weak",0,FALSE,"gamma_C",2000,0.95,0.00487339717240448,0,0.365081901164357,0,1,0,0,0,0,0,0.991325899822239,0.0133426134483817,0.24773578339256,FALSE,TRUE
83,"disconnected",100,0.4,"weak",0,FALSE,"gamma_C",2000,0.9515,0.00480352734977121,5e-04,1.11832820511105,0,1,0,0,0,0.706,0,0.918607875762618,0.0583347074556228,0.227938163582846,FALSE,TRUE
107,"within-ipd",100,0.4,"weak",0,FALSE,"gamma_C",2000,0.939,0.00535158854920668,0,0.382242552281166,0,1,0,0,0,0.001,0,0.990491283676704,0.0139826207404754,0.247564814243805,FALSE,FALSE
71,"agd-wide",400,0.4,"weak",0,FALSE,"gamma_C",2000,0.9475,0.00498717104178311,0,0.258713524381738,0,1,0,0,0,0,0,0.995644057972361,0.00945917528167357,0.248635037900253,FALSE,TRUE
95,"disconnected",400,0.4,"weak",0,FALSE,"gamma_C",2000,0.9475,0.00498717104178311,0,0.848244131112918,0,1,0,0,0,0.6195,0,0.953174162502314,0.0393547911642559,0.237054536440286,FALSE,TRUE
119,"within-ipd",400,0.4,"weak",0,FALSE,"gamma_C",2000,0.9485,0.00494205169944629,0,0.193749027208506,0,1,0,0,0,0,0,0.997557003257329,0.00707312491658815,0.24903485921179,FALSE,TRUE
50,"agd-wide",100,0,"regular",0.75,FALSE,"gamma_C",2000,0.964,0.00416557318985035,0.0795,0.343423219882016,0,1,0,0,0,0.4865,0,0.87719300041038,0.0477870014968042,0.222491418236322,FALSE,TRUE
74,"disconnected",100,0,"regular",0.75,FALSE,"gamma_C",2000,0.999,0.000706753139363385,0.0055,0.693262684630944,0,1,0,0.154,0,0.9115,0.1185,0.49955142321181,0.194824824846224,0.148512514740664,FALSE,TRUE
98,"within-ipd",100,0,"regular",0.75,FALSE,"gamma_C",2000,0.968,0.00393547964039963,0.0705,0.357590588110888,0,1,0,0,0,0.5,0,0.866851595006935,0.0514431276927409,0.220503463305375,FALSE,TRUE
62,"agd-wide",400,0,"regular",0.75,FALSE,"gamma_C",2000,0.9575,0.00451075104611194,0.0925,0.250654319229668,0,1,0,0,0,0.2435,0,0.934579449442453,0.0261047587488686,0.234252261187784,FALSE,TRUE
86,"disconnected",400,0,"regular",0.75,FALSE,"gamma_C",2000,0.9975,0.00111663557170635,0.0215,0.613446394413415,0,1,0,0.1395,0,0.9085,0.1105,0.608152531229454,0.166108878155384,0.169733331635133,FALSE,TRUE
110,"within-ipd",400,0,"regular",0.75,FALSE,"gamma_C",2000,0.9505,0.0048502448391808,0.0895,0.190293744586764,0,1,0,0,0,0.0535,0,0.96229379418696,0.0150418898324824,0.240455588336082,FALSE,TRUE
56,"agd-wide",100,0.4,"regular",0.75,FALSE,"gamma_C",2000,0.9245,0.00590761161553466,0,0.343423219882016,0,1,0,0,0,1,0,0.87719300041038,0.17763366604365,0.281205882580638,FALSE,FALSE
80,"disconnected",100,0.4,"regular",0.75,FALSE,"gamma_C",2000,0.874,0.0074203773488954,0,0.693262684630944,0,1,0,0.0425,0,0.9645,0.0325,0.49955142321181,0.247021852508322,0.210100834349979,TRUE,FALSE
104,"within-ipd",100,0.4,"regular",0.75,FALSE,"gamma_C",2000,0.9225,0.00597886904021153,0,0.357590588110888,0,1,0,0,0,1,0,0.866851595006935,0.180089656607947,0.280581407520375,FALSE,FALSE
68,"agd-wide",400,0.4,"regular",0.75,FALSE,"gamma_C",2000,0.9345,0.00553216729681958,0,0.250654319229668,0,1,0,0,0,1,0,0.934579449442453,0.137203875278353,0.270250837640317,FALSE,FALSE
92,"disconnected",400,0.4,"regular",0.75,FALSE,"gamma_C",2000,0.885,0.00713354750457302,0,0.613446394413415,0,1,0,0.0235,0,0.977,0.0195,0.608152531229454,0.247694195217796,0.250291909921435,TRUE,FALSE
116,"within-ipd",400,0.4,"regular",0.75,FALSE,"gamma_C",2000,0.9385,0.00537204569973116,0,0.190293744586764,0,1,0,0,0,1,0,0.96229379418696,0.106177588551553,0.262321741122062,FALSE,FALSE
52,"agd-wide",100,0,"tight",0.75,FALSE,"gamma_C",2000,0.9955,0.00149662119455792,0.019,0.267782047467055,0,1,0,0.129,0,0.777,0,0.533333374814811,0.15961099681687,0.172804017457468,FALSE,TRUE
76,"disconnected",100,0,"tight",0.75,FALSE,"gamma_C",2000,1,0,0,0.351103877473714,0.730898396364804,1,1,0.224,0.224,0.834,0.9535,0.19774011299435,0.232372852557494,0.0983873787395046,FALSE,TRUE
100,"within-ipd",100,0,"tight",0.75,FALSE,"gamma_C",2000,0.9935,0.00179690706493129,0.025,0.274337810077446,0,1,0,0.138,0,0.776,0,0.510204081632653,0.165716589648691,0.169739538618547,FALSE,TRUE
64,"agd-wide",400,0,"tight",0.75,FALSE,"gamma_C",2000,0.979,0.00320616593457045,0.0575,0.216253509153347,0,1,0,0.121,0,0.6995,0,0.695652209199744,0.11170543339444,0.194012897236241,FALSE,TRUE
88,"disconnected",400,0,"tight",0.75,FALSE,"gamma_C",2000,1,0,0.001,0.33568257636299,0.787479787288033,1,0,0.198,0,0.8775,0.1455,0.266666666666667,0.223340532355114,0.109378695113184,FALSE,TRUE
112,"within-ipd",400,0,"tight",0.75,FALSE,"gamma_C",2000,0.964,0.00416557318985035,0.064,0.173861648121226,0,1,0,0,0,0.6,0,0.80327868852459,0.0746565438572022,0.209516723714672,FALSE,TRUE
58,"agd-wide",100,0.4,"tight",0.75,FALSE,"gamma_C",2000,0.136,0.00766498532288223,0,0.267782047467055,0,1,0,0,0,1,0,0.533333374814811,0.520436170381404,0.524341189256156,TRUE,FALSE
82,"disconnected",100,0.4,"tight",0.75,FALSE,"gamma_C",2000,0,0,0,0.351103877473714,0.730898396364804,1,1,0.063,0.058,0.9475,0.984,0.19774011299435,0.280847903552214,0.181084473202894,TRUE,FALSE
106,"within-ipd",100,0.4,"tight",0.75,FALSE,"gamma_C",2000,0.128,0.0074704752191544,0,0.274337810077446,0,1,0,0,0,1,0,0.510204081632653,0.519420096335096,0.520626996614888,TRUE,FALSE
70,"agd-wide",400,0.4,"tight",0.75,FALSE,"gamma_C",2000,0.4015,0.0109612442268202,0,0.216253509153347,0,1,0,0,0,1,0,0.695652209199744,0.549119830579335,0.569554830997969,TRUE,FALSE
94,"disconnected",400,0.4,"tight",0.75,FALSE,"gamma_C",2000,0,0,0,0.33568257636299,0.787479787288033,1,0,0.0215,0,0.9755,0.012,0.266666666666667,0.312390751323398,0.240559296457426,TRUE,FALSE
118,"within-ipd",400,0.4,"tight",0.75,FALSE,"gamma_C",2000,0.581,0.0110326560718623,0,0.173861648121226,0,1,0,0,0,1,0,0.80327868852459,0.506159197500913,0.540076591665876,TRUE,FALSE
54,"agd-wide",100,0,"weak",0.75,FALSE,"gamma_C",2000,0.9495,0.00489641450451246,0.0975,0.365081901164357,0,1,0,0,0,0,0,0.991325899822239,0.00350600716218968,0.247392195613125,FALSE,TRUE
78,"disconnected",100,0,"weak",0.75,FALSE,"gamma_C",2000,0.966,0.00405240669232495,0.0785,1.11832820511105,0,1,0,0,0,0.535,0,0.918607875762618,0.0453062516384898,0.224259864731894,FALSE,TRUE
102,"within-ipd",100,0,"weak",0.75,FALSE,"gamma_C",2000,0.9545,0.00465992220965114,0.095,0.382242552281166,0,1,0,0,0,0,0,0.990491283676704,0.00383355996132946,0.247186815700415,FALSE,TRUE
66,"agd-wide",400,0,"weak",0.75,FALSE,"gamma_C",2000,0.9435,0.00516273909857936,0.109,0.258713524381738,0,1,0,0,0,0,0,0.995644057972361,0.00178491349129185,0.24846057723277,FALSE,TRUE
90,"disconnected",400,0,"weak",0.75,FALSE,"gamma_C",2000,0.9475,0.00498717104178311,0.098,0.848244131112918,0,1,0,0,0,0.266,0,0.953174162502314,0.0256135260653705,0.234786503246225,FALSE,TRUE
114,"within-ipd",400,0,"weak",0.75,FALSE,"gamma_C",2000,0.956,0.00458606585212206,0.0985,0.193749027208506,0,1,0,0,0,0,0,0.997557003257329,0.000987696097431197,0.248936647469638,FALSE,TRUE
60,"agd-wide",100,0.4,"weak",0.75,FALSE,"gamma_C",2000,0.948,0.00496467521596328,0,0.365081901164357,0,1,0,0,0,5e-04,0,0.991325899822239,0.0133121088206057,0.247735080145162,FALSE,TRUE
84,"disconnected",100,0.4,"weak",0.75,FALSE,"gamma_C",2000,0.966,0.00405240669232495,0.001,1.11832820511105,0,1,0,0,0,0.708,0,0.918607875762618,0.0584023311977792,0.227885931557492,FALSE,TRUE
108,"within-ipd",100,0.4,"weak",0.75,FALSE,"gamma_C",2000,0.9405,0.00528960064655168,0,0.382242552281166,0,1,0,0,0,0.002,0,0.990491283676704,0.0140810700374269,0.247571216002997,FALSE,TRUE
72,"agd-wide",400,0.4,"weak",0.75,FALSE,"gamma_C",2000,0.9465,0.00503178646208283,0,0.258713524381738,0,1,0,0,0,0,0,0.995644057972361,0.00945484696040373,0.248635033166343,FALSE,TRUE
96,"disconnected",400,0.4,"weak",0.75,FALSE,"gamma_C",2000,0.951,0.00482695556225661,0,0.848244131112918,0,1,0,0,0,0.629,0,0.953174162502314,0.0395511590576001,0.23708923874903,FALSE,TRUE
120,"within-ipd",400,0.4,"weak",0.75,FALSE,"gamma_C",2000,0.955,0.00463546114210873,0,0.193749027208506,0,1,0,0,0,0,0,0.997557003257329,0.00702950863171051,0.249033515350558,FALSE,TRUE
1,"agd-flat",100,0,"regular",0,TRUE,"gamma_C",2000,1,0,0,0.979981992270027,1,0,1,1,1,0,1,0,0.249547609419945,0,FALSE,TRUE
25,"agd-narrow",100,0,"regular",0,TRUE,"gamma_C",2000,1,0,0,0.909749933622699,1,1,1,0.263,0.2495,0.7925,1,0.138197252285573,0.239527849394751,0.0990044414298395,FALSE,TRUE
13,"agd-flat",400,0,"regular",0,TRUE,"gamma_C",2000,1,0,0,0.979981992270027,1,0,1,1,1,0,1,0,0.249547609419945,0,FALSE,TRUE
37,"agd-narrow",400,0,"regular",0,TRUE,"gamma_C",2000,1,0,0.0025,0.852733384910679,0,1,0,0.2025,0,0.7995,0.002,0.242835329303535,0.227385721554873,0.131030240271431,FALSE,TRUE
7,"agd-flat",100,0.4,"regular",0,TRUE,"gamma_C",2000,1,0,0,0.979981992270027,1,0,1,1,1,0,1,0,0.249547609419945,0,FALSE,TRUE
31,"agd-narrow",100,0.4,"regular",0,TRUE,"gamma_C",2000,0.905,0.0065564853389602,0,0.909749933622699,1,1,1,0.217,0.202,0.833,1,0.138197252285573,0.248862520809185,0.11641422918366,FALSE,FALSE
19,"agd-flat",400,0.4,"regular",0,TRUE,"gamma_C",2000,1,0,0,0.979981992270027,1,0,1,1,1,0,1,0,0.249547609419945,0,FALSE,TRUE
43,"agd-narrow",400,0.4,"regular",0,TRUE,"gamma_C",2000,0.8715,0.00748290551858033,0,0.852733384910679,0,1,0,0.136,0,0.865,0.001,0.242835329303535,0.250422706371012,0.163913145398465,TRUE,FALSE
3,"agd-flat",100,0,"tight",0,TRUE,"gamma_C",2000,1,0,0,0.391992796908011,1,0,1,1,1,0,1,0,0.249547609419947,0,FALSE,TRUE
27,"agd-narrow",100,0,"tight",0,TRUE,"gamma_C",2000,1,0,0,0.387058796510725,1,1,1,0.572,0.6405,0.64,1,0.0250155022535142,0.248960249404089,0.0439707284945107,FALSE,TRUE
15,"agd-flat",400,0,"tight",0,TRUE,"gamma_C",2000,1,0,0,0.391992796908011,1,0,1,1,1,0,1,0,0.249547609419947,0,FALSE,TRUE
39,"agd-narrow",400,0,"tight",0,TRUE,"gamma_C",2000,1,0,0,0.382306537937476,1,1,1,0.443,0.502,0.7215,1,0.0488099978946995,0.24798776734938,0.0610766073320862,FALSE,TRUE
9,"agd-flat",100,0.4,"tight",0,TRUE,"gamma_C",2000,0,0,0,0.391992796908011,1,0,1,1,1,0,1,0,0.249547609419947,0,TRUE,FALSE
33,"agd-narrow",100,0.4,"tight",0,TRUE,"gamma_C",2000,0,0,0,0.387058796510725,1,1,1,0.495,0.5495,0.7045,1,0.0250155022535142,0.251078443324633,0.0519092008063003,TRUE,FALSE
21,"agd-flat",400,0.4,"tight",0,TRUE,"gamma_C",2000,0,0,0,0.391992796908011,1,0,1,1,1,0,1,0,0.249547609419947,0,TRUE,FALSE
45,"agd-narrow",400,0.4,"tight",0,TRUE,"gamma_C",2000,0,0,0,0.382306537937476,1,1,1,0.285,0.3305,0.833,1,0.0488099978946995,0.257290874580644,0.0865227633691742,TRUE,FALSE
5,"agd-flat",100,0,"weak",0,TRUE,"gamma_C",2000,1,0,0,3.91992796908011,1,0,1,1,1,0,1,0,0.249547609419945,0,FALSE,TRUE
29,"agd-narrow",100,0,"weak",0,TRUE,"gamma_C",2000,0.984,0.00280570846668003,0.0425,2.07588674678316,0,1,0,0.119,0,0.6815,0,0.719552780166772,0.101756704505021,0.195894736129624,FALSE,TRUE
17,"agd-flat",400,0,"weak",0,TRUE,"gamma_C",2000,1,0,0,3.91992796908011,1,0,1,1,1,0,1,0,0.249547609419945,0,FALSE,TRUE
41,"agd-narrow",400,0,"weak",0,TRUE,"gamma_C",2000,0.9665,0.00402354010791492,0.077,1.5830546248922,0,1,0,0,0,0.5765,0,0.83690688470404,0.0630885487574692,0.215272689788279,FALSE,TRUE
11,"agd-flat",100,0.4,"weak",0,TRUE,"gamma_C",2000,1,0,0,3.91992796908011,1,0,1,1,1,0,1,0,0.249547609419945,0,FALSE,TRUE
35,"agd-narrow",100,0.4,"weak",0,TRUE,"gamma_C",2000,0.9755,0.00345685912353975,0.0055,2.07588674678316,0,1,0,0.1,0,0.74,0,0.719552780166772,0.112713708950367,0.20272851156965,FALSE,TRUE
23,"agd-flat",400,0.4,"weak",0,TRUE,"gamma_C",2000,1,0,0,3.91992796908011,1,0,1,1,1,0,1,0,0.249547609419945,0,FALSE,TRUE
47,"agd-narrow",400,0.4,"weak",0,TRUE,"gamma_C",2000,0.966,0.00405240669232495,0.003,1.5830546248922,0,1,0,0,0,0.704,0,0.83690688470404,0.0752866764885211,0.220015531754416,FALSE,TRUE
2,"agd-flat",100,0,"regular",0.75,TRUE,"gamma_C",2000,1,0,0,0.979981992270027,1,0,1,1,1,0,1,0,0.249547609419945,0,FALSE,TRUE
26,"agd-narrow",100,0,"regular",0.75,TRUE,"gamma_C",2000,1,0,0,0.909749933622699,1,1,1,0.2585,0.2425,0.802,1,0.138197252285573,0.239912478992377,0.100028567915483,FALSE,TRUE
14,"agd-flat",400,0,"regular",0.75,TRUE,"gamma_C",2000,1,0,0,0.979981992270027,1,0,1,1,1,0,1,0,0.249547609419945,0,FALSE,TRUE
38,"agd-narrow",400,0,"regular",0.75,TRUE,"gamma_C",2000,1,0,0.003,0.852733384910679,0,1,0,0.2185,0,0.7835,0.002,0.242835329303535,0.225294743801638,0.127624950510511,FALSE,TRUE
8,"agd-flat",100,0.4,"regular",0.75,TRUE,"gamma_C",2000,1,0,0,0.979981992270027,1,0,1,1,1,0,1,0,0.249547609419945,0,FALSE,TRUE
32,"agd-narrow",100,0.4,"regular",0.75,TRUE,"gamma_C",2000,0.897,0.00679672715356443,0,0.909749933622699,1,1,1,0.219,0.207,0.831,1,0.138197252285573,0.250304052156115,0.118524971887871,TRUE,FALSE
20,"agd-flat",400,0.4,"regular",0.75,TRUE,"gamma_C",2000,1,0,0,0.979981992270027,1,0,1,1,1,0,1,0,0.249547609419945,0,FALSE,TRUE
44,"agd-narrow",400,0.4,"regular",0.75,TRUE,"gamma_C",2000,0.874,0.0074203773488954,0,0.852733384910679,0,1,0,0.1245,0,0.8765,0.001,0.242835329303535,0.251784154332774,0.166106529798963,TRUE,FALSE
4,"agd-flat",100,0,"tight",0.75,TRUE,"gamma_C",2000,1,0,0,0.391992796908011,1,0,1,1,1,0,1,0,0.249547609419947,0,FALSE,TRUE
28,"agd-narrow",100,0,"tight",0.75,TRUE,"gamma_C",2000,1,0,0,0.387058796510725,1,1,1,0.569,0.628,0.634,1,0.0250155022535142,0.24921255173285,0.0449095037480628,FALSE,TRUE
16,"agd-flat",400,0,"tight",0.75,TRUE,"gamma_C",2000,1,0,0,0.391992796908011,1,0,1,1,1,0,1,0,0.249547609419947,0,FALSE,TRUE
40,"agd-narrow",400,0,"tight",0.75,TRUE,"gamma_C",2000,1,0,0,0.382306537937476,1,1,1,0.433,0.477,0.714,1,0.0488099978946995,0.24817694965475,0.0618846959164914,FALSE,TRUE
10,"agd-flat",100,0.4,"tight",0.75,TRUE,"gamma_C",2000,0,0,0,0.391992796908011,1,0,1,1,1,0,1,0,0.249547609419947,0,TRUE,FALSE
34,"agd-narrow",100,0.4,"tight",0.75,TRUE,"gamma_C",2000,0,0,0,0.387058796510725,1,1,1,0.4925,0.541,0.711,1,0.0250155022535142,0.251417555040498,0.0531060318574438,TRUE,FALSE
22,"agd-flat",400,0.4,"tight",0.75,TRUE,"gamma_C",2000,0,0,0,0.391992796908011,1,0,1,1,1,0,1,0,0.249547609419947,0,TRUE,FALSE
46,"agd-narrow",400,0.4,"tight",0.75,TRUE,"gamma_C",2000,0,0,0,0.382306537937476,1,1,1,0.303,0.342,0.817,1,0.0488099978946995,0.256856780522345,0.0851314961348987,TRUE,FALSE
6,"agd-flat",100,0,"weak",0.75,TRUE,"gamma_C",2000,1,0,0,3.91992796908011,1,0,1,1,1,0,1,0,0.249547609419945,0,FALSE,TRUE
30,"agd-narrow",100,0,"weak",0.75,TRUE,"gamma_C",2000,0.978,0.00327993902382346,0.0485,2.07588674678316,0,1,0,0.117,0,0.683,0,0.719552780166772,0.103017547196187,0.196718364836603,FALSE,TRUE
18,"agd-flat",400,0,"weak",0.75,TRUE,"gamma_C",2000,1,0,0,3.91992796908011,1,0,1,1,1,0,1,0,0.249547609419945,0,FALSE,TRUE
42,"agd-narrow",400,0,"weak",0.75,TRUE,"gamma_C",2000,0.966,0.00405240669232495,0.0705,1.5830546248922,0,1,0,0,0,0.562,0,0.83690688470404,0.0623455120046337,0.215067303075093,FALSE,TRUE
12,"agd-flat",100,0.4,"weak",0.75,TRUE,"gamma_C",2000,1,0,0,3.91992796908011,1,0,1,1,1,0,1,0,0.249547609419945,0,FALSE,TRUE
36,"agd-narrow",100,0.4,"weak",0.75,TRUE,"gamma_C",2000,0.9815,0.00301311715670001,0.005,2.07588674678316,0,1,0,0.093,0,0.741,0,0.719552780166772,0.113893437519182,0.203444115901626,FALSE,TRUE
24,"agd-flat",400,0.4,"weak",0.75,TRUE,"gamma_C",2000,1,0,0,3.91992796908011,1,0,1,1,1,0,1,0,0.249547609419945,0,FALSE,TRUE
48,"agd-narrow",400,0.4,"weak",0.75,TRUE,"gamma_C",2000,0.9635,0.0041933131292571,0.0055,1.5830546248922,0,1,0,0,0,0.678,0,0.83690688470404,0.0742937646668973,0.21969259798735,FALSE,TRUE
