"rule","shift","drift","n_studies","spread","tau_re","n","risk"
"flag_dic10",0,0,6,0.25,0,50,0.46
"flag_dic10",0,0,6,0.25,0.15,50,0.58
"flag_dic10",0,0,6,0.6,0,50,0.52
"flag_dic10",0,0,6,0.6,0.15,50,0.58
"flag_dic10",0,0,12,0.25,0,50,0.3
"flag_dic10",0,0,12,0.25,0.15,50,0.24
"flag_dic10",0,0,12,0.6,0,50,0.34
"flag_dic10",0,0,12,0.6,0.15,50,0.34
"flag_dic10",0,0.3,6,0.25,0,50,0.46
"flag_dic10",0,0.3,6,0.25,0.15,50,0.44
"flag_dic10",0,0.3,6,0.6,0,50,0.46
"flag_dic10",0,0.3,6,0.6,0.15,50,0.44
"flag_dic10",0,0.3,12,0.25,0,50,0.2
"flag_dic10",0,0.3,12,0.25,0.15,49,0.408163265306122
"flag_dic10",0,0.3,12,0.6,0,50,0.28
"flag_dic10",0,0.3,12,0.6,0.15,49,0.285714285714286
"flag_dic10",0,0.6,6,0.25,0,50,0.44
"flag_dic10",0,0.6,6,0.25,0.15,50,0.46
"flag_dic10",0,0.6,6,0.6,0,49,0.551020408163265
"flag_dic10",0,0.6,6,0.6,0.15,48,0.625
"flag_dic10",0,0.6,12,0.25,0,49,0.26530612244898
"flag_dic10",0,0.6,12,0.25,0.15,47,0.425531914893617
"flag_dic10",0,0.6,12,0.6,0,46,0.41304347826087
"flag_dic10",0,0.6,12,0.6,0.15,41,0.365853658536585
"flag_dic10",0,1.2,6,0.25,0,49,0.63265306122449
"flag_dic10",0,1.2,6,0.25,0.15,42,0.571428571428571
"flag_dic10",0,1.2,6,0.6,0,37,0.72972972972973
"flag_dic10",0,1.2,6,0.6,0.15,35,0.657142857142857
"flag_dic10",0,1.2,12,0.25,0,45,0.333333333333333
"flag_dic10",0,1.2,12,0.25,0.15,43,0.418604651162791
"flag_dic10",0,1.2,12,0.6,0,19,0.68421052631579
"flag_dic10",0,1.2,12,0.6,0.15,15,0.266666666666667
"flag_dic10",0.5,0,6,0.25,0,50,0.46
"flag_dic10",0.5,0,6,0.25,0.15,50,0.58
"flag_dic10",0.5,0,6,0.6,0,50,0.52
"flag_dic10",0.5,0,6,0.6,0.15,50,0.58
"flag_dic10",0.5,0,12,0.25,0,50,0.3
"flag_dic10",0.5,0,12,0.25,0.15,50,0.24
"flag_dic10",0.5,0,12,0.6,0,50,0.36
"flag_dic10",0.5,0,12,0.6,0.15,50,0.34
"flag_dic10",0.5,0.3,6,0.25,0,50,0.5
"flag_dic10",0.5,0.3,6,0.25,0.15,50,0.58
"flag_dic10",0.5,0.3,6,0.6,0,50,0.7
"flag_dic10",0.5,0.3,6,0.6,0.15,50,0.58
"flag_dic10",0.5,0.3,12,0.25,0,50,0.46
"flag_dic10",0.5,0.3,12,0.25,0.15,49,0.489795918367347
"flag_dic10",0.5,0.3,12,0.6,0,50,0.46
"flag_dic10",0.5,0.3,12,0.6,0.15,49,0.530612244897959
"flag_dic10",0.5,0.6,6,0.25,0,50,0.72
"flag_dic10",0.5,0.6,6,0.25,0.15,50,0.66
"flag_dic10",0.5,0.6,6,0.6,0,49,0.73469387755102
"flag_dic10",0.5,0.6,6,0.6,0.15,48,0.729166666666667
"flag_dic10",0.5,0.6,12,0.25,0,49,0.816326530612245
"flag_dic10",0.5,0.6,12,0.25,0.15,47,0.723404255319149
"flag_dic10",0.5,0.6,12,0.6,0,46,0.782608695652174
"flag_dic10",0.5,0.6,12,0.6,0.15,41,0.878048780487805
"flag_dic10",0.5,1.2,6,0.25,0,49,0.979591836734694
"flag_dic10",0.5,1.2,6,0.25,0.15,42,0.880952380952381
"flag_dic10",0.5,1.2,6,0.6,0,37,0.891891891891892
"flag_dic10",0.5,1.2,6,0.6,0.15,35,0.885714285714286
"flag_dic10",0.5,1.2,12,0.25,0,45,1
"flag_dic10",0.5,1.2,12,0.25,0.15,43,1
"flag_dic10",0.5,1.2,12,0.6,0,19,0.894736842105263
"flag_dic10",0.5,1.2,12,0.6,0.15,15,0.933333333333333
"flag_dic10",1,0,6,0.25,0,50,0.46
"flag_dic10",1,0,6,0.25,0.15,50,0.58
"flag_dic10",1,0,6,0.6,0,50,0.52
"flag_dic10",1,0,6,0.6,0.15,50,0.58
"flag_dic10",1,0,12,0.25,0,50,0.3
"flag_dic10",1,0,12,0.25,0.15,50,0.24
"flag_dic10",1,0,12,0.6,0,50,0.36
"flag_dic10",1,0,12,0.6,0.15,50,0.34
"flag_dic10",1,0.3,6,0.25,0,50,0.72
"flag_dic10",1,0.3,6,0.25,0.15,50,0.76
"flag_dic10",1,0.3,6,0.6,0,50,0.78
"flag_dic10",1,0.3,6,0.6,0.15,50,0.72
"flag_dic10",1,0.3,12,0.25,0,50,0.82
"flag_dic10",1,0.3,12,0.25,0.15,49,0.693877551020408
"flag_dic10",1,0.3,12,0.6,0,50,0.84
"flag_dic10",1,0.3,12,0.6,0.15,49,0.795918367346939
"flag_dic10",1,0.6,6,0.25,0,50,0.98
"flag_dic10",1,0.6,6,0.25,0.15,50,0.98
"flag_dic10",1,0.6,6,0.6,0,49,0.938775510204082
"flag_dic10",1,0.6,6,0.6,0.15,48,0.979166666666667
"flag_dic10",1,0.6,12,0.25,0,49,1
"flag_dic10",1,0.6,12,0.25,0.15,47,1
"flag_dic10",1,0.6,12,0.6,0,46,0.978260869565217
"flag_dic10",1,0.6,12,0.6,0.15,41,1
"flag_dic10",1,1.2,6,0.25,0,49,1
"flag_dic10",1,1.2,6,0.25,0.15,42,1
"flag_dic10",1,1.2,6,0.6,0,37,1
"flag_dic10",1,1.2,6,0.6,0.15,35,1
"flag_dic10",1,1.2,12,0.25,0,45,1
"flag_dic10",1,1.2,12,0.25,0.15,43,1
"flag_dic10",1,1.2,12,0.6,0,19,1
"flag_dic10",1,1.2,12,0.6,0.15,15,1
"flag_dic10",1.5,0,6,0.25,0,50,0.46
"flag_dic10",1.5,0,6,0.25,0.15,50,0.58
"flag_dic10",1.5,0,6,0.6,0,50,0.5
"flag_dic10",1.5,0,6,0.6,0.15,50,0.58
"flag_dic10",1.5,0,12,0.25,0,50,0.28
"flag_dic10",1.5,0,12,0.25,0.15,50,0.24
"flag_dic10",1.5,0,12,0.6,0,50,0.34
"flag_dic10",1.5,0,12,0.6,0.15,50,0.34
"flag_dic10",1.5,0.3,6,0.25,0,50,0.9
"flag_dic10",1.5,0.3,6,0.25,0.15,50,0.9
"flag_dic10",1.5,0.3,6,0.6,0,50,0.92
"flag_dic10",1.5,0.3,6,0.6,0.15,50,0.88
"flag_dic10",1.5,0.3,12,0.25,0,50,0.96
"flag_dic10",1.5,0.3,12,0.25,0.15,49,0.938775510204082
"flag_dic10",1.5,0.3,12,0.6,0,50,0.98
"flag_dic10",1.5,0.3,12,0.6,0.15,49,0.959183673469388
"flag_dic10",1.5,0.6,6,0.25,0,50,1
"flag_dic10",1.5,0.6,6,0.25,0.15,50,1
"flag_dic10",1.5,0.6,6,0.6,0,49,1
"flag_dic10",1.5,0.6,6,0.6,0.15,48,0.979166666666667
"flag_dic10",1.5,0.6,12,0.25,0,49,1
"flag_dic10",1.5,0.6,12,0.25,0.15,47,1
"flag_dic10",1.5,0.6,12,0.6,0,46,1
"flag_dic10",1.5,0.6,12,0.6,0.15,41,1
"flag_dic10",1.5,1.2,6,0.25,0,49,1
"flag_dic10",1.5,1.2,6,0.25,0.15,42,1
"flag_dic10",1.5,1.2,6,0.6,0,37,1
"flag_dic10",1.5,1.2,6,0.6,0.15,35,0.971428571428571
"flag_dic10",1.5,1.2,12,0.25,0,45,1
"flag_dic10",1.5,1.2,12,0.25,0.15,43,1
"flag_dic10",1.5,1.2,12,0.6,0,19,1
"flag_dic10",1.5,1.2,12,0.6,0.15,15,1
"flag_dic2",0,0,6,0.25,0,47,0.446808510638298
"flag_dic2",0,0,6,0.25,0.15,43,0.604651162790698
"flag_dic2",0,0,6,0.6,0,48,0.541666666666667
"flag_dic2",0,0,6,0.6,0.15,42,0.547619047619048
"flag_dic2",0,0,12,0.25,0,46,0.326086956521739
"flag_dic2",0,0,12,0.25,0.15,45,0.266666666666667
"flag_dic2",0,0,12,0.6,0,41,0.390243902439024
"flag_dic2",0,0,12,0.6,0.15,40,0.275
"flag_dic2",0,0.3,6,0.25,0,47,0.446808510638298
"flag_dic2",0,0.3,6,0.25,0.15,41,0.414634146341463
"flag_dic2",0,0.3,6,0.6,0,42,0.452380952380952
"flag_dic2",0,0.3,6,0.6,0.15,43,0.441860465116279
"flag_dic2",0,0.3,12,0.25,0,45,0.222222222222222
"flag_dic2",0,0.3,12,0.25,0.15,41,0.390243902439024
"flag_dic2",0,0.3,12,0.6,0,39,0.307692307692308
"flag_dic2",0,0.3,12,0.6,0.15,37,0.243243243243243
"flag_dic2",0,0.6,6,0.25,0,47,0.425531914893617
"flag_dic2",0,0.6,6,0.25,0.15,39,0.487179487179487
"flag_dic2",0,0.6,6,0.6,0,34,0.588235294117647
"flag_dic2",0,0.6,6,0.6,0.15,30,0.6
"flag_dic2",0,0.6,12,0.25,0,39,0.282051282051282
"flag_dic2",0,0.6,12,0.25,0.15,34,0.441176470588235
"flag_dic2",0,0.6,12,0.6,0,29,0.413793103448276
"flag_dic2",0,0.6,12,0.6,0.15,25,0.48
"flag_dic2",0,1.2,6,0.25,0,36,0.611111111111111
"flag_dic2",0,1.2,6,0.25,0.15,26,0.5
"flag_dic2",0,1.2,6,0.6,0,15,0.8
"flag_dic2",0,1.2,6,0.6,0.15,18,0.444444444444444
"flag_dic2",0,1.2,12,0.25,0,21,0.380952380952381
"flag_dic2",0,1.2,12,0.25,0.15,19,0.473684210526316
"flag_dic2",0,1.2,12,0.6,0,4,1
"flag_dic2",0,1.2,12,0.6,0.15,4,0.25
"flag_dic2",0.5,0,6,0.25,0,47,0.446808510638298
"flag_dic2",0.5,0,6,0.25,0.15,43,0.604651162790698
"flag_dic2",0.5,0,6,0.6,0,48,0.541666666666667
"flag_dic2",0.5,0,6,0.6,0.15,42,0.547619047619048
"flag_dic2",0.5,0,12,0.25,0,46,0.326086956521739
"flag_dic2",0.5,0,12,0.25,0.15,45,0.266666666666667
"flag_dic2",0.5,0,12,0.6,0,41,0.390243902439024
"flag_dic2",0.5,0,12,0.6,0.15,40,0.275
"flag_dic2",0.5,0.3,6,0.25,0,47,0.531914893617021
"flag_dic2",0.5,0.3,6,0.25,0.15,41,0.560975609756098
"flag_dic2",0.5,0.3,6,0.6,0,42,0.738095238095238
"flag_dic2",0.5,0.3,6,0.6,0.15,43,0.604651162790698
"flag_dic2",0.5,0.3,12,0.25,0,45,0.444444444444444
"flag_dic2",0.5,0.3,12,0.25,0.15,41,0.439024390243902
"flag_dic2",0.5,0.3,12,0.6,0,39,0.512820512820513
"flag_dic2",0.5,0.3,12,0.6,0.15,37,0.540540540540541
"flag_dic2",0.5,0.6,6,0.25,0,47,0.702127659574468
"flag_dic2",0.5,0.6,6,0.25,0.15,39,0.692307692307692
"flag_dic2",0.5,0.6,6,0.6,0,34,0.735294117647059
"flag_dic2",0.5,0.6,6,0.6,0.15,30,0.8
"flag_dic2",0.5,0.6,12,0.25,0,39,0.794871794871795
"flag_dic2",0.5,0.6,12,0.25,0.15,34,0.735294117647059
"flag_dic2",0.5,0.6,12,0.6,0,29,0.758620689655172
"flag_dic2",0.5,0.6,12,0.6,0.15,25,0.92
"flag_dic2",0.5,1.2,6,0.25,0,36,1
"flag_dic2",0.5,1.2,6,0.25,0.15,26,0.923076923076923
"flag_dic2",0.5,1.2,6,0.6,0,15,0.866666666666667
"flag_dic2",0.5,1.2,6,0.6,0.15,18,0.888888888888889
"flag_dic2",0.5,1.2,12,0.25,0,21,1
"flag_dic2",0.5,1.2,12,0.25,0.15,19,1
"flag_dic2",0.5,1.2,12,0.6,0,4,0.75
"flag_dic2",0.5,1.2,12,0.6,0.15,4,0.75
"flag_dic2",1,0,6,0.25,0,47,0.446808510638298
"flag_dic2",1,0,6,0.25,0.15,43,0.604651162790698
"flag_dic2",1,0,6,0.6,0,48,0.541666666666667
"flag_dic2",1,0,6,0.6,0.15,42,0.547619047619048
"flag_dic2",1,0,12,0.25,0,46,0.326086956521739
"flag_dic2",1,0,12,0.25,0.15,45,0.266666666666667
"flag_dic2",1,0,12,0.6,0,41,0.390243902439024
"flag_dic2",1,0,12,0.6,0.15,40,0.275
"flag_dic2",1,0.3,6,0.25,0,47,0.74468085106383
"flag_dic2",1,0.3,6,0.25,0.15,41,0.75609756097561
"flag_dic2",1,0.3,6,0.6,0,42,0.785714285714286
"flag_dic2",1,0.3,6,0.6,0.15,43,0.744186046511628
"flag_dic2",1,0.3,12,0.25,0,45,0.8
"flag_dic2",1,0.3,12,0.25,0.15,41,0.682926829268293
"flag_dic2",1,0.3,12,0.6,0,39,0.846153846153846
"flag_dic2",1,0.3,12,0.6,0.15,37,0.837837837837838
"flag_dic2",1,0.6,6,0.25,0,47,1
"flag_dic2",1,0.6,6,0.25,0.15,39,0.974358974358974
"flag_dic2",1,0.6,6,0.6,0,34,0.970588235294118
"flag_dic2",1,0.6,6,0.6,0.15,30,1
"flag_dic2",1,0.6,12,0.25,0,39,1
"flag_dic2",1,0.6,12,0.25,0.15,34,1
"flag_dic2",1,0.6,12,0.6,0,29,0.96551724137931
"flag_dic2",1,0.6,12,0.6,0.15,25,1
"flag_dic2",1,1.2,6,0.25,0,36,1
"flag_dic2",1,1.2,6,0.25,0.15,26,1
"flag_dic2",1,1.2,6,0.6,0,15,1
"flag_dic2",1,1.2,6,0.6,0.15,18,1
"flag_dic2",1,1.2,12,0.25,0,21,1
"flag_dic2",1,1.2,12,0.25,0.15,19,1
"flag_dic2",1,1.2,12,0.6,0,4,1
"flag_dic2",1,1.2,12,0.6,0.15,4,1
"flag_dic2",1.5,0,6,0.25,0,47,0.446808510638298
"flag_dic2",1.5,0,6,0.25,0.15,43,0.604651162790698
"flag_dic2",1.5,0,6,0.6,0,48,0.520833333333333
"flag_dic2",1.5,0,6,0.6,0.15,42,0.547619047619048
"flag_dic2",1.5,0,12,0.25,0,46,0.304347826086957
"flag_dic2",1.5,0,12,0.25,0.15,45,0.266666666666667
"flag_dic2",1.5,0,12,0.6,0,41,0.390243902439024
"flag_dic2",1.5,0,12,0.6,0.15,40,0.275
"flag_dic2",1.5,0.3,6,0.25,0,47,0.893617021276596
"flag_dic2",1.5,0.3,6,0.25,0.15,41,0.902439024390244
"flag_dic2",1.5,0.3,6,0.6,0,42,0.904761904761905
"flag_dic2",1.5,0.3,6,0.6,0.15,43,0.86046511627907
"flag_dic2",1.5,0.3,12,0.25,0,45,0.955555555555556
"flag_dic2",1.5,0.3,12,0.25,0.15,41,0.926829268292683
"flag_dic2",1.5,0.3,12,0.6,0,39,0.974358974358974
"flag_dic2",1.5,0.3,12,0.6,0.15,37,0.972972972972973
"flag_dic2",1.5,0.6,6,0.25,0,47,1
"flag_dic2",1.5,0.6,6,0.25,0.15,39,1
"flag_dic2",1.5,0.6,6,0.6,0,34,1
"flag_dic2",1.5,0.6,6,0.6,0.15,30,0.966666666666667
"flag_dic2",1.5,0.6,12,0.25,0,39,1
"flag_dic2",1.5,0.6,12,0.25,0.15,34,1
"flag_dic2",1.5,0.6,12,0.6,0,29,1
"flag_dic2",1.5,0.6,12,0.6,0.15,25,1
"flag_dic2",1.5,1.2,6,0.25,0,36,1
"flag_dic2",1.5,1.2,6,0.25,0.15,26,1
"flag_dic2",1.5,1.2,6,0.6,0,15,1
"flag_dic2",1.5,1.2,6,0.6,0.15,18,1
"flag_dic2",1.5,1.2,12,0.25,0,21,1
"flag_dic2",1.5,1.2,12,0.25,0.15,19,1
"flag_dic2",1.5,1.2,12,0.6,0,4,1
"flag_dic2",1.5,1.2,12,0.6,0.15,4,1
"flag_dic5",0,0,6,0.25,0,50,0.46
"flag_dic5",0,0,6,0.25,0.15,49,0.571428571428571
"flag_dic5",0,0,6,0.6,0,50,0.52
"flag_dic5",0,0,6,0.6,0.15,47,0.553191489361702
"flag_dic5",0,0,12,0.25,0,49,0.306122448979592
"flag_dic5",0,0,12,0.25,0.15,47,0.25531914893617
"flag_dic5",0,0,12,0.6,0,49,0.346938775510204
"flag_dic5",0,0,12,0.6,0.15,48,0.3125
"flag_dic5",0,0.3,6,0.25,0,49,0.448979591836735
"flag_dic5",0,0.3,6,0.25,0.15,46,0.434782608695652
"flag_dic5",0,0.3,6,0.6,0,48,0.458333333333333
"flag_dic5",0,0.3,6,0.6,0.15,46,0.434782608695652
"flag_dic5",0,0.3,12,0.25,0,50,0.2
"flag_dic5",0,0.3,12,0.25,0.15,48,0.416666666666667
"flag_dic5",0,0.3,12,0.6,0,47,0.297872340425532
"flag_dic5",0,0.3,12,0.6,0.15,44,0.272727272727273
"flag_dic5",0,0.6,6,0.25,0,50,0.44
"flag_dic5",0,0.6,6,0.25,0.15,46,0.478260869565217
"flag_dic5",0,0.6,6,0.6,0,42,0.523809523809524
"flag_dic5",0,0.6,6,0.6,0.15,40,0.575
"flag_dic5",0,0.6,12,0.25,0,45,0.266666666666667
"flag_dic5",0,0.6,12,0.25,0.15,41,0.390243902439024
"flag_dic5",0,0.6,12,0.6,0,36,0.416666666666667
"flag_dic5",0,0.6,12,0.6,0.15,33,0.393939393939394
"flag_dic5",0,1.2,6,0.25,0,47,0.659574468085106
"flag_dic5",0,1.2,6,0.25,0.15,38,0.578947368421053
"flag_dic5",0,1.2,6,0.6,0,26,0.730769230769231
"flag_dic5",0,1.2,6,0.6,0.15,27,0.555555555555556
"flag_dic5",0,1.2,12,0.25,0,27,0.333333333333333
"flag_dic5",0,1.2,12,0.25,0.15,27,0.481481481481481
"flag_dic5",0,1.2,12,0.6,0,8,1
"flag_dic5",0,1.2,12,0.6,0.15,7,0.142857142857143
"flag_dic5",0.5,0,6,0.25,0,50,0.46
"flag_dic5",0.5,0,6,0.25,0.15,49,0.571428571428571
"flag_dic5",0.5,0,6,0.6,0,50,0.52
"flag_dic5",0.5,0,6,0.6,0.15,47,0.553191489361702
"flag_dic5",0.5,0,12,0.25,0,49,0.306122448979592
"flag_dic5",0.5,0,12,0.25,0.15,47,0.25531914893617
"flag_dic5",0.5,0,12,0.6,0,49,0.36734693877551
"flag_dic5",0.5,0,12,0.6,0.15,48,0.3125
"flag_dic5",0.5,0.3,6,0.25,0,49,0.510204081632653
"flag_dic5",0.5,0.3,6,0.25,0.15,46,0.565217391304348
"flag_dic5",0.5,0.3,6,0.6,0,48,0.708333333333333
"flag_dic5",0.5,0.3,6,0.6,0.15,46,0.608695652173913
"flag_dic5",0.5,0.3,12,0.25,0,50,0.46
"flag_dic5",0.5,0.3,12,0.25,0.15,48,0.479166666666667
"flag_dic5",0.5,0.3,12,0.6,0,47,0.48936170212766
"flag_dic5",0.5,0.3,12,0.6,0.15,44,0.545454545454545
"flag_dic5",0.5,0.6,6,0.25,0,50,0.72
"flag_dic5",0.5,0.6,6,0.25,0.15,46,0.673913043478261
"flag_dic5",0.5,0.6,6,0.6,0,42,0.738095238095238
"flag_dic5",0.5,0.6,6,0.6,0.15,40,0.75
"flag_dic5",0.5,0.6,12,0.25,0,45,0.822222222222222
"flag_dic5",0.5,0.6,12,0.25,0.15,41,0.731707317073171
"flag_dic5",0.5,0.6,12,0.6,0,36,0.75
"flag_dic5",0.5,0.6,12,0.6,0.15,33,0.93939393939394
"flag_dic5",0.5,1.2,6,0.25,0,47,0.978723404255319
"flag_dic5",0.5,1.2,6,0.25,0.15,38,0.868421052631579
"flag_dic5",0.5,1.2,6,0.6,0,26,0.846153846153846
"flag_dic5",0.5,1.2,6,0.6,0.15,27,0.888888888888889
"flag_dic5",0.5,1.2,12,0.25,0,27,1
"flag_dic5",0.5,1.2,12,0.25,0.15,27,1
"flag_dic5",0.5,1.2,12,0.6,0,8,0.875
"flag_dic5",0.5,1.2,12,0.6,0.15,7,0.857142857142857
"flag_dic5",1,0,6,0.25,0,50,0.46
"flag_dic5",1,0,6,0.25,0.15,49,0.571428571428571
"flag_dic5",1,0,6,0.6,0,50,0.52
"flag_dic5",1,0,6,0.6,0.15,47,0.553191489361702
"flag_dic5",1,0,12,0.25,0,49,0.306122448979592
"flag_dic5",1,0,12,0.25,0.15,47,0.25531914893617
"flag_dic5",1,0,12,0.6,0,49,0.36734693877551
"flag_dic5",1,0,12,0.6,0.15,48,0.3125
"flag_dic5",1,0.3,6,0.25,0,49,0.73469387755102
"flag_dic5",1,0.3,6,0.25,0.15,46,0.760869565217391
"flag_dic5",1,0.3,6,0.6,0,48,0.791666666666667
"flag_dic5",1,0.3,6,0.6,0.15,46,0.739130434782609
"flag_dic5",1,0.3,12,0.25,0,50,0.82
"flag_dic5",1,0.3,12,0.25,0.15,48,0.6875
"flag_dic5",1,0.3,12,0.6,0,47,0.851063829787234
"flag_dic5",1,0.3,12,0.6,0.15,44,0.795454545454545
"flag_dic5",1,0.6,6,0.25,0,50,0.98
"flag_dic5",1,0.6,6,0.25,0.15,46,0.978260869565217
"flag_dic5",1,0.6,6,0.6,0,42,0.976190476190476
"flag_dic5",1,0.6,6,0.6,0.15,40,1
"flag_dic5",1,0.6,12,0.25,0,45,1
"flag_dic5",1,0.6,12,0.25,0.15,41,1
"flag_dic5",1,0.6,12,0.6,0,36,0.972222222222222
"flag_dic5",1,0.6,12,0.6,0.15,33,1
"flag_dic5",1,1.2,6,0.25,0,47,1
"flag_dic5",1,1.2,6,0.25,0.15,38,1
"flag_dic5",1,1.2,6,0.6,0,26,1
"flag_dic5",1,1.2,6,0.6,0.15,27,1
"flag_dic5",1,1.2,12,0.25,0,27,1
"flag_dic5",1,1.2,12,0.25,0.15,27,1
"flag_dic5",1,1.2,12,0.6,0,8,1
"flag_dic5",1,1.2,12,0.6,0.15,7,1
"flag_dic5",1.5,0,6,0.25,0,50,0.46
"flag_dic5",1.5,0,6,0.25,0.15,49,0.571428571428571
"flag_dic5",1.5,0,6,0.6,0,50,0.5
"flag_dic5",1.5,0,6,0.6,0.15,47,0.553191489361702
"flag_dic5",1.5,0,12,0.25,0,49,0.285714285714286
"flag_dic5",1.5,0,12,0.25,0.15,47,0.25531914893617
"flag_dic5",1.5,0,12,0.6,0,49,0.346938775510204
"flag_dic5",1.5,0,12,0.6,0.15,48,0.3125
"flag_dic5",1.5,0.3,6,0.25,0,49,0.897959183673469
"flag_dic5",1.5,0.3,6,0.25,0.15,46,0.891304347826087
"flag_dic5",1.5,0.3,6,0.6,0,48,0.916666666666667
"flag_dic5",1.5,0.3,6,0.6,0.15,46,0.869565217391304
"flag_dic5",1.5,0.3,12,0.25,0,50,0.96
"flag_dic5",1.5,0.3,12,0.25,0.15,48,0.9375
"flag_dic5",1.5,0.3,12,0.6,0,47,0.978723404255319
"flag_dic5",1.5,0.3,12,0.6,0.15,44,0.954545454545455
"flag_dic5",1.5,0.6,6,0.25,0,50,1
"flag_dic5",1.5,0.6,6,0.25,0.15,46,1
"flag_dic5",1.5,0.6,6,0.6,0,42,1
"flag_dic5",1.5,0.6,6,0.6,0.15,40,0.975
"flag_dic5",1.5,0.6,12,0.25,0,45,1
"flag_dic5",1.5,0.6,12,0.25,0.15,41,1
"flag_dic5",1.5,0.6,12,0.6,0,36,1
"flag_dic5",1.5,0.6,12,0.6,0.15,33,1
"flag_dic5",1.5,1.2,6,0.25,0,47,1
"flag_dic5",1.5,1.2,6,0.25,0.15,38,1
"flag_dic5",1.5,1.2,6,0.6,0,26,1
"flag_dic5",1.5,1.2,6,0.6,0.15,27,0.962962962962963
"flag_dic5",1.5,1.2,12,0.25,0,27,1
"flag_dic5",1.5,1.2,12,0.25,0.15,27,1
"flag_dic5",1.5,1.2,12,0.6,0,8,1
"flag_dic5",1.5,1.2,12,0.6,0.15,7,1
"flag_margin",0,0,6,0.25,0,13,0.384615384615385
"flag_margin",0,0,6,0.25,0.15,20,0.65
"flag_margin",0,0,6,0.6,0,35,0.542857142857143
"flag_margin",0,0,6,0.6,0.15,29,0.551724137931034
"flag_margin",0,0,12,0.25,0,32,0.3125
"flag_margin",0,0,12,0.25,0.15,30,0.233333333333333
"flag_margin",0,0,12,0.6,0,39,0.384615384615385
"flag_margin",0,0,12,0.6,0.15,39,0.282051282051282
"flag_margin",0,0.3,6,0.25,0,18,0.555555555555556
"flag_margin",0,0.3,6,0.25,0.15,19,0.421052631578947
"flag_margin",0,0.3,6,0.6,0,30,0.4
"flag_margin",0,0.3,6,0.6,0.15,28,0.357142857142857
"flag_margin",0,0.3,12,0.25,0,31,0.225806451612903
"flag_margin",0,0.3,12,0.25,0.15,29,0.413793103448276
"flag_margin",0,0.3,12,0.6,0,40,0.3
"flag_margin",0,0.3,12,0.6,0.15,32,0.25
"flag_margin",0,0.6,6,0.25,0,17,0.470588235294118
"flag_margin",0,0.6,6,0.25,0.15,11,0.272727272727273
"flag_margin",0,0.6,6,0.6,0,28,0.571428571428571
"flag_margin",0,0.6,6,0.6,0.15,23,0.608695652173913
"flag_margin",0,0.6,12,0.25,0,28,0.25
"flag_margin",0,0.6,12,0.25,0.15,19,0.526315789473684
"flag_margin",0,0.6,12,0.6,0,32,0.4375
"flag_margin",0,0.6,12,0.6,0.15,26,0.423076923076923
"flag_margin",0,1.2,6,0.25,0,10,0.7
"flag_margin",0,1.2,6,0.25,0.15,7,0.428571428571429
"flag_margin",0,1.2,6,0.6,0,6,0.666666666666667
"flag_margin",0,1.2,6,0.6,0.15,10,0.6
"flag_margin",0,1.2,12,0.25,0,13,0.307692307692308
"flag_margin",0,1.2,12,0.25,0.15,14,0.357142857142857
"flag_margin",0,1.2,12,0.6,0,4,1
"flag_margin",0,1.2,12,0.6,0.15,2,0.5
"flag_margin",0.5,0,6,0.25,0,13,0.384615384615385
"flag_margin",0.5,0,6,0.25,0.15,20,0.65
"flag_margin",0.5,0,6,0.6,0,35,0.542857142857143
"flag_margin",0.5,0,6,0.6,0.15,29,0.551724137931034
"flag_margin",0.5,0,12,0.25,0,32,0.3125
"flag_margin",0.5,0,12,0.25,0.15,30,0.233333333333333
"flag_margin",0.5,0,12,0.6,0,39,0.41025641025641
"flag_margin",0.5,0,12,0.6,0.15,39,0.282051282051282
"flag_margin",0.5,0.3,6,0.25,0,18,0.388888888888889
"flag_margin",0.5,0.3,6,0.25,0.15,19,0.473684210526316
"flag_margin",0.5,0.3,6,0.6,0,30,0.766666666666667
"flag_margin",0.5,0.3,6,0.6,0.15,28,0.607142857142857
"flag_margin",0.5,0.3,12,0.25,0,31,0.387096774193548
"flag_margin",0.5,0.3,12,0.25,0.15,29,0.482758620689655
"flag_margin",0.5,0.3,12,0.6,0,40,0.525
"flag_margin",0.5,0.3,12,0.6,0.15,32,0.53125
"flag_margin",0.5,0.6,6,0.25,0,17,0.705882352941177
"flag_margin",0.5,0.6,6,0.25,0.15,11,0.727272727272727
"flag_margin",0.5,0.6,6,0.6,0,28,0.75
"flag_margin",0.5,0.6,6,0.6,0.15,23,0.869565217391304
"flag_margin",0.5,0.6,12,0.25,0,28,0.857142857142857
"flag_margin",0.5,0.6,12,0.25,0.15,19,0.736842105263158
"flag_margin",0.5,0.6,12,0.6,0,32,0.75
"flag_margin",0.5,0.6,12,0.6,0.15,26,0.961538461538462
"flag_margin",0.5,1.2,6,0.25,0,10,1
"flag_margin",0.5,1.2,6,0.25,0.15,7,1
"flag_margin",0.5,1.2,6,0.6,0,6,0.833333333333333
"flag_margin",0.5,1.2,6,0.6,0.15,10,0.8
"flag_margin",0.5,1.2,12,0.25,0,13,1
"flag_margin",0.5,1.2,12,0.25,0.15,14,1
"flag_margin",0.5,1.2,12,0.6,0,4,0.75
"flag_margin",0.5,1.2,12,0.6,0.15,2,0.5
"flag_margin",1,0,6,0.25,0,13,0.384615384615385
"flag_margin",1,0,6,0.25,0.15,20,0.65
"flag_margin",1,0,6,0.6,0,35,0.542857142857143
"flag_margin",1,0,6,0.6,0.15,29,0.551724137931034
"flag_margin",1,0,12,0.25,0,32,0.3125
"flag_margin",1,0,12,0.25,0.15,30,0.233333333333333
"flag_margin",1,0,12,0.6,0,39,0.41025641025641
"flag_margin",1,0,12,0.6,0.15,39,0.282051282051282
"flag_margin",1,0.3,6,0.25,0,18,0.555555555555556
"flag_margin",1,0.3,6,0.25,0.15,19,0.736842105263158
"flag_margin",1,0.3,6,0.6,0,30,0.8
"flag_margin",1,0.3,6,0.6,0.15,28,0.785714285714286
"flag_margin",1,0.3,12,0.25,0,31,0.741935483870968
"flag_margin",1,0.3,12,0.25,0.15,29,0.655172413793103
"flag_margin",1,0.3,12,0.6,0,40,0.875
"flag_margin",1,0.3,12,0.6,0.15,32,0.84375
"flag_margin",1,0.6,6,0.25,0,17,1
"flag_margin",1,0.6,6,0.25,0.15,11,1
"flag_margin",1,0.6,6,0.6,0,28,0.964285714285714
"flag_margin",1,0.6,6,0.6,0.15,23,1
"flag_margin",1,0.6,12,0.25,0,28,1
"flag_margin",1,0.6,12,0.25,0.15,19,1
"flag_margin",1,0.6,12,0.6,0,32,0.96875
"flag_margin",1,0.6,12,0.6,0.15,26,1
"flag_margin",1,1.2,6,0.25,0,10,1
"flag_margin",1,1.2,6,0.25,0.15,7,1
"flag_margin",1,1.2,6,0.6,0,6,1
"flag_margin",1,1.2,6,0.6,0.15,10,1
"flag_margin",1,1.2,12,0.25,0,13,1
"flag_margin",1,1.2,12,0.25,0.15,14,1
"flag_margin",1,1.2,12,0.6,0,4,1
"flag_margin",1,1.2,12,0.6,0.15,2,1
"flag_margin",1.5,0,6,0.25,0,13,0.384615384615385
"flag_margin",1.5,0,6,0.25,0.15,20,0.65
"flag_margin",1.5,0,6,0.6,0,35,0.542857142857143
"flag_margin",1.5,0,6,0.6,0.15,29,0.551724137931034
"flag_margin",1.5,0,12,0.25,0,32,0.28125
"flag_margin",1.5,0,12,0.25,0.15,30,0.233333333333333
"flag_margin",1.5,0,12,0.6,0,39,0.384615384615385
"flag_margin",1.5,0,12,0.6,0.15,39,0.282051282051282
"flag_margin",1.5,0.3,6,0.25,0,18,0.888888888888889
"flag_margin",1.5,0.3,6,0.25,0.15,19,0.894736842105263
"flag_margin",1.5,0.3,6,0.6,0,30,0.866666666666667
"flag_margin",1.5,0.3,6,0.6,0.15,28,0.892857142857143
"flag_margin",1.5,0.3,12,0.25,0,31,0.935483870967742
"flag_margin",1.5,0.3,12,0.25,0.15,29,0.931034482758621
"flag_margin",1.5,0.3,12,0.6,0,40,0.975
"flag_margin",1.5,0.3,12,0.6,0.15,32,0.96875
"flag_margin",1.5,0.6,6,0.25,0,17,1
"flag_margin",1.5,0.6,6,0.25,0.15,11,1
"flag_margin",1.5,0.6,6,0.6,0,28,1
"flag_margin",1.5,0.6,6,0.6,0.15,23,0.956521739130435
"flag_margin",1.5,0.6,12,0.25,0,28,1
"flag_margin",1.5,0.6,12,0.25,0.15,19,1
"flag_margin",1.5,0.6,12,0.6,0,32,1
"flag_margin",1.5,0.6,12,0.6,0.15,26,1
"flag_margin",1.5,1.2,6,0.25,0,10,1
"flag_margin",1.5,1.2,6,0.25,0.15,7,1
"flag_margin",1.5,1.2,6,0.6,0,6,1
"flag_margin",1.5,1.2,6,0.6,0.15,10,1
"flag_margin",1.5,1.2,12,0.25,0,13,1
"flag_margin",1.5,1.2,12,0.25,0.15,14,1
"flag_margin",1.5,1.2,12,0.6,0,4,1
"flag_margin",1.5,1.2,12,0.6,0.15,2,1
"flag_post",0,0,6,0.25,0,45,0.444444444444444
"flag_post",0,0,6,0.25,0.15,43,0.581395348837209
"flag_post",0,0,6,0.6,0,45,0.555555555555556
"flag_post",0,0,6,0.6,0.15,36,0.555555555555556
"flag_post",0,0,12,0.25,0,41,0.365853658536585
"flag_post",0,0,12,0.25,0.15,37,0.216216216216216
"flag_post",0,0,12,0.6,0,39,0.358974358974359
"flag_post",0,0,12,0.6,0.15,37,0.27027027027027
"flag_post",0,0.3,6,0.25,0,45,0.444444444444444
"flag_post",0,0.3,6,0.25,0.15,41,0.414634146341463
"flag_post",0,0.3,6,0.6,0,41,0.48780487804878
"flag_post",0,0.3,6,0.6,0.15,41,0.439024390243902
"flag_post",0,0.3,12,0.25,0,44,0.227272727272727
"flag_post",0,0.3,12,0.25,0.15,37,0.351351351351351
"flag_post",0,0.3,12,0.6,0,39,0.256410256410256
"flag_post",0,0.3,12,0.6,0.15,34,0.264705882352941
"flag_post",0,0.6,6,0.25,0,46,0.456521739130435
"flag_post",0,0.6,6,0.25,0.15,41,0.439024390243902
"flag_post",0,0.6,6,0.6,0,34,0.558823529411765
"flag_post",0,0.6,6,0.6,0.15,27,0.592592592592593
"flag_post",0,0.6,12,0.25,0,35,0.228571428571429
"flag_post",0,0.6,12,0.25,0.15,29,0.448275862068966
"flag_post",0,0.6,12,0.6,0,28,0.392857142857143
"flag_post",0,0.6,12,0.6,0.15,25,0.36
"flag_post",0,1.2,6,0.25,0,36,0.666666666666667
"flag_post",0,1.2,6,0.25,0.15,26,0.5
"flag_post",0,1.2,6,0.6,0,18,0.722222222222222
"flag_post",0,1.2,6,0.6,0.15,19,0.473684210526316
"flag_post",0,1.2,12,0.25,0,21,0.333333333333333
"flag_post",0,1.2,12,0.25,0.15,21,0.476190476190476
"flag_post",0,1.2,12,0.6,0,5,1
"flag_post",0,1.2,12,0.6,0.15,3,0.333333333333333
"flag_post",0.5,0,6,0.25,0,45,0.444444444444444
"flag_post",0.5,0,6,0.25,0.15,43,0.581395348837209
"flag_post",0.5,0,6,0.6,0,45,0.555555555555556
"flag_post",0.5,0,6,0.6,0.15,36,0.555555555555556
"flag_post",0.5,0,12,0.25,0,41,0.365853658536585
"flag_post",0.5,0,12,0.25,0.15,37,0.216216216216216
"flag_post",0.5,0,12,0.6,0,39,0.358974358974359
"flag_post",0.5,0,12,0.6,0.15,37,0.27027027027027
"flag_post",0.5,0.3,6,0.25,0,45,0.511111111111111
"flag_post",0.5,0.3,6,0.25,0.15,41,0.560975609756098
"flag_post",0.5,0.3,6,0.6,0,41,0.731707317073171
"flag_post",0.5,0.3,6,0.6,0.15,41,0.634146341463415
"flag_post",0.5,0.3,12,0.25,0,44,0.477272727272727
"flag_post",0.5,0.3,12,0.25,0.15,37,0.432432432432432
"flag_post",0.5,0.3,12,0.6,0,39,0.538461538461538
"flag_post",0.5,0.3,12,0.6,0.15,34,0.529411764705882
"flag_post",0.5,0.6,6,0.25,0,46,0.717391304347826
"flag_post",0.5,0.6,6,0.25,0.15,41,0.707317073170732
"flag_post",0.5,0.6,6,0.6,0,34,0.764705882352941
"flag_post",0.5,0.6,6,0.6,0.15,27,0.814814814814815
"flag_post",0.5,0.6,12,0.25,0,35,0.8
"flag_post",0.5,0.6,12,0.25,0.15,29,0.758620689655172
"flag_post",0.5,0.6,12,0.6,0,28,0.785714285714286
"flag_post",0.5,0.6,12,0.6,0.15,25,0.96
"flag_post",0.5,1.2,6,0.25,0,36,1
"flag_post",0.5,1.2,6,0.25,0.15,26,0.923076923076923
"flag_post",0.5,1.2,6,0.6,0,18,0.833333333333333
"flag_post",0.5,1.2,6,0.6,0.15,19,0.894736842105263
"flag_post",0.5,1.2,12,0.25,0,21,1
"flag_post",0.5,1.2,12,0.25,0.15,21,1
"flag_post",0.5,1.2,12,0.6,0,5,0.8
"flag_post",0.5,1.2,12,0.6,0.15,3,0.666666666666667
"flag_post",1,0,6,0.25,0,45,0.444444444444444
"flag_post",1,0,6,0.25,0.15,43,0.581395348837209
"flag_post",1,0,6,0.6,0,45,0.555555555555556
"flag_post",1,0,6,0.6,0.15,36,0.555555555555556
"flag_post",1,0,12,0.25,0,41,0.365853658536585
"flag_post",1,0,12,0.25,0.15,37,0.216216216216216
"flag_post",1,0,12,0.6,0,39,0.358974358974359
"flag_post",1,0,12,0.6,0.15,37,0.27027027027027
"flag_post",1,0.3,6,0.25,0,45,0.733333333333333
"flag_post",1,0.3,6,0.25,0.15,41,0.75609756097561
"flag_post",1,0.3,6,0.6,0,41,0.780487804878049
"flag_post",1,0.3,6,0.6,0.15,41,0.75609756097561
"flag_post",1,0.3,12,0.25,0,44,0.795454545454545
"flag_post",1,0.3,12,0.25,0.15,37,0.702702702702703
"flag_post",1,0.3,12,0.6,0,39,0.871794871794872
"flag_post",1,0.3,12,0.6,0.15,34,0.823529411764706
"flag_post",1,0.6,6,0.25,0,46,1
"flag_post",1,0.6,6,0.25,0.15,41,0.975609756097561
"flag_post",1,0.6,6,0.6,0,34,0.970588235294118
"flag_post",1,0.6,6,0.6,0.15,27,1
"flag_post",1,0.6,12,0.25,0,35,1
"flag_post",1,0.6,12,0.25,0.15,29,1
"flag_post",1,0.6,12,0.6,0,28,0.964285714285714
"flag_post",1,0.6,12,0.6,0.15,25,1
"flag_post",1,1.2,6,0.25,0,36,1
"flag_post",1,1.2,6,0.25,0.15,26,1
"flag_post",1,1.2,6,0.6,0,18,1
"flag_post",1,1.2,6,0.6,0.15,19,1
"flag_post",1,1.2,12,0.25,0,21,1
"flag_post",1,1.2,12,0.25,0.15,21,1
"flag_post",1,1.2,12,0.6,0,5,1
"flag_post",1,1.2,12,0.6,0.15,3,1
"flag_post",1.5,0,6,0.25,0,45,0.444444444444444
"flag_post",1.5,0,6,0.25,0.15,43,0.581395348837209
"flag_post",1.5,0,6,0.6,0,45,0.533333333333333
"flag_post",1.5,0,6,0.6,0.15,36,0.555555555555556
"flag_post",1.5,0,12,0.25,0,41,0.341463414634146
"flag_post",1.5,0,12,0.25,0.15,37,0.216216216216216
"flag_post",1.5,0,12,0.6,0,39,0.358974358974359
"flag_post",1.5,0,12,0.6,0.15,37,0.27027027027027
"flag_post",1.5,0.3,6,0.25,0,45,0.911111111111111
"flag_post",1.5,0.3,6,0.25,0.15,41,0.902439024390244
"flag_post",1.5,0.3,6,0.6,0,41,0.902439024390244
"flag_post",1.5,0.3,6,0.6,0.15,41,0.853658536585366
"flag_post",1.5,0.3,12,0.25,0,44,0.954545454545455
"flag_post",1.5,0.3,12,0.25,0.15,37,0.945945945945946
"flag_post",1.5,0.3,12,0.6,0,39,1
"flag_post",1.5,0.3,12,0.6,0.15,34,0.941176470588235
"flag_post",1.5,0.6,6,0.25,0,46,1
"flag_post",1.5,0.6,6,0.25,0.15,41,1
"flag_post",1.5,0.6,6,0.6,0,34,1
"flag_post",1.5,0.6,6,0.6,0.15,27,0.962962962962963
"flag_post",1.5,0.6,12,0.25,0,35,1
"flag_post",1.5,0.6,12,0.25,0.15,29,1
"flag_post",1.5,0.6,12,0.6,0,28,1
"flag_post",1.5,0.6,12,0.6,0.15,25,1
"flag_post",1.5,1.2,6,0.25,0,36,1
"flag_post",1.5,1.2,6,0.25,0.15,26,1
"flag_post",1.5,1.2,6,0.6,0,18,1
"flag_post",1.5,1.2,6,0.6,0.15,19,1
"flag_post",1.5,1.2,12,0.25,0,21,1
"flag_post",1.5,1.2,12,0.25,0.15,21,1
"flag_post",1.5,1.2,12,0.6,0,5,1
"flag_post",1.5,1.2,12,0.6,0.15,3,1
