"strategy","shift","drift","n_studies","spread","tau_re","bias","rmse","p_material","reversal","n"
"always_common",0,0,6,0.25,0,-0.00885990072916996,0.0450659228175428,0.46,NA,50
"always_common",0,0,6,0.25,0.15,0.00691959391102851,0.0468661000079675,0.58,NA,50
"always_common",0,0,6,0.6,0,0.00177203406763861,0.0465142213950909,0.52,NA,50
"always_common",0,0,6,0.6,0.15,0.00289553825023578,0.0494104244347182,0.58,NA,50
"always_common",0,0,12,0.25,0,0.00185191992803037,0.028890225971605,0.3,NA,50
"always_common",0,0,12,0.25,0.15,-0.00147598725625292,0.0262568252741126,0.24,NA,50
"always_common",0,0,12,0.6,0,-0.00378428943357227,0.0311807094275259,0.34,NA,50
"always_common",0,0,12,0.6,0.15,0.00245644041894546,0.0302260383721872,0.34,NA,50
"always_common",0,0.3,6,0.25,0,-0.00480066720978283,0.0359793609861242,0.46,0.42,50
"always_common",0,0.3,6,0.25,0.15,-0.00186852969827703,0.0400216270624711,0.44,0.48,50
"always_common",0,0.3,6,0.6,0,0.00508989082161732,0.0394291995107678,0.46,0.6,50
"always_common",0,0.3,6,0.6,0.15,-0.00156983234837031,0.0471348292421785,0.44,0.44,50
"always_common",0,0.3,12,0.25,0,-0.00172867121680767,0.0259089907153154,0.2,0.44,50
"always_common",0,0.3,12,0.25,0.15,-0.00329888306009397,0.031244927707833,0.4,0.42,50
"always_common",0,0.3,12,0.6,0,-0.00064683047195556,0.0294190315111711,0.28,0.42,50
"always_common",0,0.3,12,0.6,0.15,-0.000315493253421506,0.0308081246356519,0.28,0.46,50
"always_common",0,0.6,6,0.25,0,0.000530019471412034,0.0423893671201078,0.44,0.38,50
"always_common",0,0.6,6,0.25,0.15,0.000209775362576528,0.0477275578123075,0.46,0.32,50
"always_common",0,0.6,6,0.6,0,-0.00116367767386883,0.0509500853202715,0.54,0.48,50
"always_common",0,0.6,6,0.6,0.15,0.00819896049396864,0.0589460546795433,0.62,0.58,50
"always_common",0,0.6,12,0.25,0,0.00348030716703732,0.0287926611020382,0.28,0.48,50
"always_common",0,0.6,12,0.25,0.15,0.00231334226294121,0.0351456798563866,0.46,0.44,50
"always_common",0,0.6,12,0.6,0,0.0002858593334029,0.0374846371531109,0.42,0.42,50
"always_common",0,0.6,12,0.6,0.15,0.0131781838297252,0.0372744183486717,0.38,0.58,50
"always_common",0,1.2,6,0.25,0,-0.00181173825223248,0.0500192631919222,0.62,0.38,50
"always_common",0,1.2,6,0.25,0.15,-0.00812482563010557,0.0495458500627205,0.56,0.42,50
"always_common",0,1.2,6,0.6,0,-0.0026195130449587,0.0710855806786396,0.68,0.42,50
"always_common",0,1.2,6,0.6,0.15,-0.00082461452166104,0.0779395084419252,0.66,0.48,50
"always_common",0,1.2,12,0.25,0,0.00920000018782481,0.0389995782880156,0.34,0.46,50
"always_common",0,1.2,12,0.25,0.15,0.00365120261565081,0.0405489579937226,0.44,0.32,50
"always_common",0,1.2,12,0.6,0,-0.00954595625184322,0.0485621656622814,0.56,0.38,50
"always_common",0,1.2,12,0.6,0.15,0.00877665087504534,0.0573361962689104,0.5,0.42,50
"always_common",0.5,0,6,0.25,0,-0.00887626134050739,0.0451944108859203,0.46,NA,50
"always_common",0.5,0,6,0.25,0.15,0.00686726660903014,0.0469784189437299,0.58,NA,50
"always_common",0.5,0,6,0.6,0,0.00175774850257766,0.0466534077073735,0.52,NA,50
"always_common",0.5,0,6,0.6,0.15,0.00279633168587337,0.0495718087858506,0.58,NA,50
"always_common",0.5,0,12,0.25,0,0.00182278579705995,0.0289848716534993,0.3,NA,50
"always_common",0.5,0,12,0.25,0.15,-0.00151444172432315,0.0263788833589088,0.24,NA,50
"always_common",0.5,0,12,0.6,0,-0.00380994279416373,0.0313905738062893,0.36,NA,50
"always_common",0.5,0,12,0.6,0.15,0.00249276872876326,0.0304091800318675,0.34,NA,50
"always_common",0.5,0.3,6,0.25,0,0.0228581309829637,0.0424907864388055,0.5,0.42,50
"always_common",0.5,0.3,6,0.25,0.15,0.025818959384295,0.0476931674158756,0.58,0.48,50
"always_common",0.5,0.3,6,0.6,0,0.0328243392653384,0.0511984251273884,0.7,0.6,50
"always_common",0.5,0.3,6,0.6,0.15,0.0261246746918434,0.0541068493330866,0.58,0.44,50
"always_common",0.5,0.3,12,0.25,0,0.0259748731082966,0.0367745104128784,0.46,0.44,50
"always_common",0.5,0.3,12,0.25,0.15,0.0244351485680784,0.0396727887221239,0.48,0.42,50
"always_common",0.5,0.3,12,0.6,0,0.0270743980402435,0.040177019777235,0.46,0.42,50
"always_common",0.5,0.3,12,0.6,0.15,0.0274710598138508,0.0414108835186472,0.54,0.46,50
"always_common",0.5,0.6,6,0.25,0,0.0556720821592617,0.0701193197129435,0.72,0.38,50
"always_common",0.5,0.6,6,0.25,0.15,0.0554665503116116,0.0732533888295986,0.66,0.32,50
"always_common",0.5,0.6,6,0.6,0,0.0540392080366688,0.0744011156722626,0.74,0.48,50
"always_common",0.5,0.6,6,0.6,0.15,0.0634064241298646,0.0865873811077559,0.74,0.58,50
"always_common",0.5,0.6,12,0.25,0,0.0588347843188006,0.0654734825903912,0.8,0.48,50
"always_common",0.5,0.6,12,0.25,0.15,0.0576433143415066,0.0675368930758464,0.72,0.44,50
"always_common",0.5,0.6,12,0.6,0,0.055592787795381,0.0672043565128503,0.78,0.42,50
"always_common",0.5,0.6,12,0.6,0.15,0.0685633796708871,0.0770084407618598,0.86,0.58,50
"always_common",0.5,1.2,6,0.25,0,0.10704425837802,0.118066405983046,0.98,0.38,50
"always_common",0.5,1.2,6,0.25,0.15,0.100867455538212,0.112242289894128,0.9,0.42,50
"always_common",0.5,1.2,6,0.6,0,0.105762726203109,0.127726834293377,0.88,0.42,50
"always_common",0.5,1.2,6,0.6,0.15,0.107811902122805,0.133322405752121,0.92,0.48,50
"always_common",0.5,1.2,12,0.25,0,0.118358912300132,0.124328361184514,1,0.46,50
"always_common",0.5,1.2,12,0.25,0.15,0.112788287334768,0.119764401835991,1,0.32,50
"always_common",0.5,1.2,12,0.6,0,0.0994328354338083,0.110451425712155,0.88,0.38,50
"always_common",0.5,1.2,12,0.6,0.15,0.117947898614497,0.130910542292138,0.94,0.42,50
"always_common",1,0,6,0.25,0,-0.00876599812272652,0.0446113736858505,0.46,NA,50
"always_common",1,0,6,0.25,0.15,0.0066766048654621,0.046503759973409,0.58,NA,50
"always_common",1,0,6,0.6,0,0.00166225006729663,0.0461116404452556,0.52,NA,50
"always_common",1,0,6,0.6,0.15,0.00268467693313658,0.0493983194003726,0.58,NA,50
"always_common",1,0,12,0.25,0,0.00177652538641008,0.0288182062216476,0.3,NA,50
"always_common",1,0,12,0.25,0.15,-0.00152146299424907,0.0261704730717056,0.24,NA,50
"always_common",1,0,12,0.6,0,-0.00380314519785648,0.031367889823358,0.36,NA,50
"always_common",1,0,12,0.6,0.15,0.00248705998944596,0.0303322677051167,0.34,NA,50
"always_common",1,0.3,6,0.25,0,0.0507063041097181,0.061875987187976,0.72,0.42,50
"always_common",1,0.3,6,0.25,0.15,0.053448943462429,0.0664865615270499,0.76,0.48,50
"always_common",1,0.3,6,0.6,0,0.0605142663001349,0.0719908456948296,0.78,0.58,50
"always_common",1,0.3,6,0.6,0.15,0.0538593988851037,0.071488660834429,0.72,0.44,50
"always_common",1,0.3,12,0.25,0,0.053750717563036,0.0596259065834438,0.82,0.44,50
"always_common",1,0.3,12,0.25,0.15,0.0521993015015738,0.060751946044569,0.7,0.42,50
"always_common",1,0.3,12,0.6,0,0.0548253841532512,0.0622683177843037,0.84,0.42,50
"always_common",1,0.3,12,0.6,0.15,0.0551881048641185,0.0632490800797492,0.8,0.46,50
"always_common",1,0.6,6,0.25,0,0.110597293893354,0.118116292880246,0.98,0.38,50
"always_common",1,0.6,6,0.25,0.15,0.110539081313979,0.120037465835086,0.98,0.32,50
"always_common",1,0.6,6,0.6,0,0.108955541758401,0.120067486799461,0.94,0.48,50
"always_common",1,0.6,6,0.6,0.15,0.118256390162129,0.131953263816536,0.98,0.58,50
"always_common",1,0.6,12,0.25,0,0.113962119114983,0.117448452035147,1,0.48,50
"always_common",1,0.6,12,0.25,0.15,0.112763522904658,0.118016257747628,1,0.44,50
"always_common",1,0.6,12,0.6,0,0.110723588492,0.116929802303171,0.98,0.42,50
"always_common",1,0.6,12,0.6,0.15,0.123547437793238,0.1283685698976,1,0.58,50
"always_common",1,1.2,6,0.25,0,0.214098958962744,0.219348698963767,1,0.38,50
"always_common",1,1.2,6,0.25,0.15,0.208574194695578,0.213998105198886,1,0.42,50
"always_common",1,1.2,6,0.6,0,0.212379377321312,0.223686004318389,1,0.42,50
"always_common",1,1.2,6,0.6,0.15,0.21440772846777,0.22785459874108,1,0.48,50
"always_common",1,1.2,12,0.25,0,0.225470821154793,0.228501879436291,1,0.46,50
"always_common",1,1.2,12,0.25,0.15,0.219941465765654,0.223389444105,1,0.32,50
"always_common",1,1.2,12,0.6,0,0.206590284378235,0.212048520716833,1,0.38,50
"always_common",1,1.2,12,0.6,0.15,0.2248706939613,0.231787744151951,1,0.42,50
"always_common",1.5,0,6,0.25,0,-0.00854226218203787,0.0433996654446894,0.46,NA,50
"always_common",1.5,0,6,0.25,0.15,0.00636601217021497,0.0454947401132065,0.58,NA,50
"always_common",1.5,0,6,0.6,0,0.00150127111630767,0.0449619681746989,0.5,NA,50
"always_common",1.5,0,6,0.6,0.15,0.0025652801867634,0.0489030419889511,0.58,NA,50
"always_common",1.5,0,12,0.25,0,0.00171573092645173,0.0284039241154777,0.28,NA,50
"always_common",1.5,0,12,0.25,0.15,-0.00149509476777785,0.0256569144824445,0.24,NA,50
"always_common",1.5,0,12,0.6,0,-0.00376419271000363,0.03111553493703,0.34,NA,50
"always_common",1.5,0,12,0.6,0.15,0.00243942016524141,0.0300009756095386,0.34,NA,50
"always_common",1.5,0.3,6,0.25,0,0.0781993612467997,0.085525537074108,0.9,0.42,50
"always_common",1.5,0.3,6,0.25,0.15,0.0805030884255795,0.0891807540177709,0.9,0.46,50
"always_common",1.5,0.3,6,0.6,0,0.0876363888171536,0.0956191786201409,0.92,0.58,50
"always_common",1.5,0.3,6,0.6,0.15,0.0811054283353502,0.0932560746805139,0.88,0.46,50
"always_common",1.5,0.3,12,0.25,0,0.0810636495803161,0.0848919543007386,0.96,0.44,50
"always_common",1.5,0.3,12,0.25,0.15,0.0794609934163506,0.0851374809844831,0.94,0.42,50
"always_common",1.5,0.3,12,0.6,0,0.0820736530294865,0.0870263997389523,0.98,0.42,50
"always_common",1.5,0.3,12,0.6,0.15,0.0823091921968818,0.0877954169328044,0.96,0.46,50
"always_common",1.5,0.6,6,0.25,0,0.164206517674221,0.168794777340303,1,0.38,50
"always_common",1.5,0.6,6,0.25,0.15,0.16430916601092,0.170287795044026,1,0.32,50
"always_common",1.5,0.6,6,0.6,0,0.162463273263677,0.169673443310825,1,0.48,50
"always_common",1.5,0.6,6,0.6,0.15,0.171642037446005,0.18090483847793,0.98,0.58,50
"always_common",1.5,0.6,12,0.25,0,0.16772987399662,0.169993557312829,1,0.48,50
"always_common",1.5,0.6,12,0.25,0.15,0.166536511305922,0.169969904631605,1,0.42,50
"always_common",1.5,0.6,12,0.6,0,0.164544758854508,0.168649920282411,1,0.42,50
"always_common",1.5,0.6,12,0.6,0.15,0.177007618679222,0.180291429009074,1,0.58,50
"always_common",1.5,1.2,6,0.25,0,0.316404712912154,0.319458648607744,1,0.36,50
"always_common",1.5,1.2,6,0.25,0.15,0.311893969896716,0.315131607511474,1,0.42,50
"always_common",1.5,1.2,6,0.6,0,0.314287636366067,0.32135577942373,1,0.42,50
"always_common",1.5,1.2,6,0.6,0.15,0.316056127637886,0.324654290538252,0.98,0.48,50
"always_common",1.5,1.2,12,0.25,0,0.327530817884431,0.329411870796661,1,0.44,50
"always_common",1.5,1.2,12,0.25,0.15,0.322115000980969,0.324234913359614,1,0.32,50
"always_common",1.5,1.2,12,0.6,0,0.30891525615522,0.312441546314152,1,0.38,50
"always_common",1.5,1.2,12,0.6,0.15,0.326562642879443,0.331149882093211,1,0.42,50
"always_relaxed",0,0,6,0.25,0,-0.0111291979371433,0.0523647286079569,0.58,NA,50
"always_relaxed",0,0,6,0.25,0.15,0.0101446518088494,0.052172044430406,0.64,NA,50
"always_relaxed",0,0,6,0.6,0,0.0153015506003191,0.0649777056805196,0.66,NA,50
"always_relaxed",0,0,6,0.6,0.15,0.00435077729472274,0.0883088256184458,0.66,NA,50
"always_relaxed",0,0,12,0.25,0,0.00519651753084047,0.0309574269401296,0.34,NA,50
"always_relaxed",0,0,12,0.25,0.15,-0.000407575142299537,0.031064072759466,0.44,NA,50
"always_relaxed",0,0,12,0.6,0,-0.00489434206691901,0.0305937911573299,0.34,NA,50
"always_relaxed",0,0,12,0.6,0.15,-0.00746039148073321,0.0361191079715645,0.4,NA,50
"always_relaxed",0,0.3,6,0.25,0,-0.00790601650675841,0.0379947625323566,0.5,0.36,50
"always_relaxed",0,0.3,6,0.25,0.15,-0.004502233070815,0.039842365286005,0.44,0.46,50
"always_relaxed",0,0.3,6,0.6,0,0.0188097575150364,0.0627490071317496,0.56,0.56,50
"always_relaxed",0,0.3,6,0.6,0.15,0.00406648505930016,0.0617589776696537,0.58,0.52,50
"always_relaxed",0,0.3,12,0.25,0,-0.00167525584382609,0.0299266390501982,0.28,0.46,50
"always_relaxed",0,0.3,12,0.25,0.15,-0.00218188384142409,0.0340812040366701,0.42,0.52,50
"always_relaxed",0,0.3,12,0.6,0,7.02746608733096e-05,0.0307678556383423,0.36,0.42,50
"always_relaxed",0,0.3,12,0.6,0.15,-2.73749281244962e-05,0.0329835261241918,0.36,0.4,50
"always_relaxed",0,0.6,6,0.25,0,0.00138197502695639,0.0429256800955033,0.6,0.48,50
"always_relaxed",0,0.6,6,0.25,0.15,0.000480769085948897,0.0459260853932264,0.48,0.38,50
"always_relaxed",0,0.6,6,0.6,0,-0.00388675649397221,0.0593996204841153,0.62,0.42,50
"always_relaxed",0,0.6,6,0.6,0.15,0.0238390801042473,0.0869506167018181,0.7,0.58,50
"always_relaxed",0,0.6,12,0.25,0,0.00764733220108526,0.028317174126017,0.22,0.46,50
"always_relaxed",0,0.6,12,0.25,0.15,0.000419301300810447,0.0387043648374127,0.48,0.42,50
"always_relaxed",0,0.6,12,0.6,0,0.000382765971047823,0.0310727239899937,0.32,0.48,50
"always_relaxed",0,0.6,12,0.6,0.15,0.0132772691182898,0.0382001621593701,0.34,0.62,50
"always_relaxed",0,1.2,6,0.25,0,0.00118397334013584,0.0447295594512615,0.62,0.42,50
"always_relaxed",0,1.2,6,0.25,0.15,-0.00379228567854954,0.0493629165011863,0.52,0.44,50
"always_relaxed",0,1.2,6,0.6,0,-0.00394934365297052,0.0711450217318253,0.64,0.42,50
"always_relaxed",0,1.2,6,0.6,0.15,0.0039328692624415,0.0779120919047596,0.74,0.46,50
"always_relaxed",0,1.2,12,0.25,0,0.00986623107099628,0.0333371692217666,0.28,0.38,50
"always_relaxed",0,1.2,12,0.25,0.15,0.001099900914969,0.0363021182365325,0.34,0.28,50
"always_relaxed",0,1.2,12,0.6,0,-0.00344269568305309,0.0344777368594851,0.42,0.36,50
"always_relaxed",0,1.2,12,0.6,0.15,0.0113843422328637,0.0349172503598041,0.5,0.54,50
"always_relaxed",0.5,0,6,0.25,0,0.00876688490516024,0.0718535232129203,0.52,NA,50
"always_relaxed",0.5,0,6,0.25,0.15,0.0127143778013716,0.0738832096156632,0.8,NA,50
"always_relaxed",0.5,0,6,0.6,0,0.0357410001772674,0.0797654667317389,0.78,NA,50
"always_relaxed",0.5,0,6,0.6,0.15,0.0127138547261132,0.0969194767899555,0.8,NA,50
"always_relaxed",0.5,0,12,0.25,0,0.0440065757010081,0.0746091141367036,0.76,NA,50
"always_relaxed",0.5,0,12,0.25,0.15,0.0318091348441108,0.0639702403045821,0.68,NA,50
"always_relaxed",0.5,0,12,0.6,0,0.0110403587144006,0.0469935639620284,0.44,NA,50
"always_relaxed",0.5,0,12,0.6,0.15,0.0113407670871263,0.0527999879147705,0.62,NA,50
"always_relaxed",0.5,0.3,6,0.25,0,0.0138219969637416,0.0613396019920693,0.6,0.4,50
"always_relaxed",0.5,0.3,6,0.25,0.15,0.0146370080663664,0.0765187715059344,0.8,0.5,50
"always_relaxed",0.5,0.3,6,0.6,0,0.0428844954886755,0.0806631100499601,0.7,0.56,50
"always_relaxed",0.5,0.3,6,0.6,0.15,0.0236214586783574,0.0792849197999099,0.68,0.42,50
"always_relaxed",0.5,0.3,12,0.25,0,0.0429800409874117,0.0685566518393685,0.7,0.62,50
"always_relaxed",0.5,0.3,12,0.25,0.15,0.0370956928071461,0.0821652623619153,0.7,0.54,50
"always_relaxed",0.5,0.3,12,0.6,0,0.0194270763506938,0.0557660005277425,0.56,0.4,50
"always_relaxed",0.5,0.3,12,0.6,0.15,0.0142702363998363,0.0597370522328646,0.58,0.38,50
"always_relaxed",0.5,0.6,6,0.25,0,0.0385963381499458,0.0780761533951493,0.7,0.38,50
"always_relaxed",0.5,0.6,6,0.25,0.15,0.0284408042471402,0.0951718730548854,0.76,0.32,50
"always_relaxed",0.5,0.6,6,0.6,0,0.0116926331287342,0.0832604692459952,0.68,0.3,50
"always_relaxed",0.5,0.6,6,0.6,0.15,0.0487197939119983,0.0905329989646196,0.82,0.56,50
"always_relaxed",0.5,0.6,12,0.25,0,0.0447955365813122,0.080808397179519,0.76,0.38,50
"always_relaxed",0.5,0.6,12,0.25,0.15,0.00548675138068124,0.0864220405272691,0.8,0.26,50
"always_relaxed",0.5,0.6,12,0.6,0,0.01891726209431,0.04772683719389,0.44,0.18,50
"always_relaxed",0.5,0.6,12,0.6,0.15,0.0370535941815253,0.069444454362669,0.6,0.28,50
"always_relaxed",0.5,1.2,6,0.25,0,0.0395541767201693,0.0819567863133512,0.64,0.12,50
"always_relaxed",0.5,1.2,6,0.25,0.15,0.0252858548176353,0.0776623552150617,0.7,0.06,50
"always_relaxed",0.5,1.2,6,0.6,0,0.0141914595836623,0.094745066238195,0.62,0.12,50
"always_relaxed",0.5,1.2,6,0.6,0.15,0.0242835590902517,0.0930876477138859,0.68,0.1,50
"always_relaxed",0.5,1.2,12,0.25,0,0.0397734725047528,0.0740415425766232,0.54,0.1,50
"always_relaxed",0.5,1.2,12,0.25,0.15,0.0247113282599696,0.0842411972908267,0.66,0.16,50
"always_relaxed",0.5,1.2,12,0.6,0,0.00765019582469562,0.0604540903623057,0.66,0.06,50
"always_relaxed",0.5,1.2,12,0.6,0.15,0.0190251880797932,0.0597053860411586,0.52,0.06,50
"always_relaxed",1,0,6,0.25,0,0.0280757551749934,0.11194544306065,0.68,NA,50
"always_relaxed",1,0,6,0.25,0.15,0.0157994386310481,0.12317642880154,0.86,NA,50
"always_relaxed",1,0,6,0.6,0,0.054528699179856,0.109031451582667,0.9,NA,50
"always_relaxed",1,0,6,0.6,0.15,0.0206430507111042,0.127835779196236,0.78,NA,50
"always_relaxed",1,0,12,0.25,0,0.0806710558828886,0.13128088246409,0.86,NA,50
"always_relaxed",1,0,12,0.25,0.15,0.0622083297053387,0.11914927479076,0.82,NA,50
"always_relaxed",1,0,12,0.6,0,0.0264510572983466,0.076983685886775,0.6,NA,50
"always_relaxed",1,0,12,0.6,0.15,0.029788903489223,0.0890592136609482,0.72,NA,50
"always_relaxed",1,0.3,6,0.25,0,0.0367415885412118,0.108464704640077,0.82,0.42,50
"always_relaxed",1,0.3,6,0.25,0.15,0.0351285695210529,0.133362784885547,0.86,0.52,50
"always_relaxed",1,0.3,6,0.6,0,0.0660259920950404,0.111208663045966,0.84,0.5,50
"always_relaxed",1,0.3,6,0.6,0.15,0.0422377105072718,0.113810166549994,0.74,0.44,50
"always_relaxed",1,0.3,12,0.25,0,0.0861434199104972,0.12705906457062,0.82,0.64,50
"always_relaxed",1,0.3,12,0.25,0.15,0.0752567520158491,0.149332145903824,0.86,0.52,50
"always_relaxed",1,0.3,12,0.6,0,0.038929559951418,0.0966873889658174,0.76,0.4,50
"always_relaxed",1,0.3,12,0.6,0.15,0.0289064929874228,0.0969113879747372,0.68,0.36,50
"always_relaxed",1,0.6,6,0.25,0,0.0768534302692632,0.130190813341754,0.86,0.42,50
"always_relaxed",1,0.6,6,0.25,0.15,0.0580749396889571,0.160728491864711,0.88,0.4,50
"always_relaxed",1,0.6,6,0.6,0,0.0280671590133902,0.11705923700074,0.82,0.24,50
"always_relaxed",1,0.6,6,0.6,0.15,0.0736375129781456,0.12791053556646,0.92,0.4,50
"always_relaxed",1,0.6,12,0.25,0,0.0823189802733721,0.143114921290236,0.88,0.36,50
"always_relaxed",1,0.6,12,0.25,0.15,0.0149560942328055,0.149745680159595,0.88,0.3,50
"always_relaxed",1,0.6,12,0.6,0,0.0374399251976069,0.0770297059886411,0.6,0.12,50
"always_relaxed",1,0.6,12,0.6,0.15,0.0605220600902057,0.108176981185176,0.78,0.24,50
"always_relaxed",1,1.2,6,0.25,0,0.0820155668386026,0.143675085591559,0.8,0.14,50
"always_relaxed",1,1.2,6,0.25,0.15,0.05980303566805,0.136949313715845,0.84,0.08,50
"always_relaxed",1,1.2,6,0.6,0,0.0371633842732661,0.134248336178419,0.84,0.04,50
"always_relaxed",1,1.2,6,0.6,0.15,0.0485591438649572,0.142904700147135,0.8,0.1,50
"always_relaxed",1,1.2,12,0.25,0,0.0709874079187925,0.129283122126339,0.78,0.08,50
"always_relaxed",1,1.2,12,0.25,0.15,0.0517506153676396,0.150980220263561,0.86,0.12,50
"always_relaxed",1,1.2,12,0.6,0,0.0208074400930155,0.0978872802005687,0.72,0.06,50
"always_relaxed",1,1.2,12,0.6,0.15,0.028700415935561,0.0994953393636359,0.7,0.04,50
"always_relaxed",1.5,0,6,0.25,0,0.0431119304947052,0.150563825548455,0.8,NA,50
"always_relaxed",1.5,0,6,0.25,0.15,0.0174739598196636,0.167796319004446,0.86,NA,50
"always_relaxed",1.5,0,6,0.6,0,0.0689133422099486,0.138699103515478,0.88,NA,50
"always_relaxed",1.5,0,6,0.6,0.15,0.0263246723044818,0.162911466192934,0.86,NA,50
"always_relaxed",1.5,0,12,0.25,0,0.111240609864574,0.179065862951377,0.88,NA,50
"always_relaxed",1.5,0,12,0.25,0.15,0.087219705288466,0.167800428955361,0.86,NA,50
"always_relaxed",1.5,0,12,0.6,0,0.0402233719870035,0.106905053405328,0.76,NA,50
"always_relaxed",1.5,0,12,0.6,0.15,0.0465551476997383,0.126239845444007,0.84,NA,50
"always_relaxed",1.5,0.3,6,0.25,0,0.0582661873325681,0.150634321037566,0.88,0.46,50
"always_relaxed",1.5,0.3,6,0.25,0.15,0.054473574714984,0.18331532460022,0.84,0.52,50
"always_relaxed",1.5,0.3,6,0.6,0,0.0868819636564156,0.142571053510893,0.86,0.52,50
"always_relaxed",1.5,0.3,6,0.6,0.15,0.0580622538970574,0.148503896122859,0.86,0.44,50
"always_relaxed",1.5,0.3,12,0.25,0,0.123993331460298,0.178960895926853,0.9,0.64,50
"always_relaxed",1.5,0.3,12,0.25,0.15,0.108935006173248,0.208047169493833,0.92,0.58,50
"always_relaxed",1.5,0.3,12,0.6,0,0.0570903461358176,0.136314124232559,0.86,0.4,50
"always_relaxed",1.5,0.3,12,0.6,0.15,0.0428495125145466,0.132144600623707,0.76,0.38,50
"always_relaxed",1.5,0.6,6,0.25,0,0.113911397888816,0.17912447145154,0.88,0.38,50
"always_relaxed",1.5,0.6,6,0.25,0.15,0.0877971494746004,0.217173407639846,0.96,0.44,50
"always_relaxed",1.5,0.6,6,0.6,0,0.0443211089338441,0.150062276416963,0.86,0.24,50
"always_relaxed",1.5,0.6,6,0.6,0.15,0.0975213743650742,0.174962561937466,0.92,0.36,50
"always_relaxed",1.5,0.6,12,0.25,0,0.118360616561571,0.198550386172376,0.92,0.38,50
"always_relaxed",1.5,0.6,12,0.25,0.15,0.0288603138320827,0.202773405222225,0.92,0.26,50
"always_relaxed",1.5,0.6,12,0.6,0,0.0555667733770272,0.106738295128613,0.68,0.12,50
"always_relaxed",1.5,0.6,12,0.6,0.15,0.0831753526500773,0.14591416317671,0.84,0.22,50
"always_relaxed",1.5,1.2,6,0.25,0,0.127746264366981,0.203364106332493,0.96,0.12,50
"always_relaxed",1.5,1.2,6,0.25,0.15,0.0995301912984848,0.193468798848329,0.88,0.04,50
"always_relaxed",1.5,1.2,6,0.6,0,0.0647429757017133,0.175415477287753,0.88,0.04,50
"always_relaxed",1.5,1.2,6,0.6,0.15,0.0773917820023991,0.196081521043262,0.84,0.12,50
"always_relaxed",1.5,1.2,12,0.25,0,0.103491822450316,0.180917121130956,0.88,0.06,50
"always_relaxed",1.5,1.2,12,0.25,0.15,0.0825136255679386,0.210439544721137,0.92,0.12,50
"always_relaxed",1.5,1.2,12,0.6,0,0.0361289956051321,0.134154834421015,0.82,0.02,50
"always_relaxed",1.5,1.2,12,0.6,0.15,0.041568847335828,0.136273658787776,0.82,0.02,50
"check_then_relax",0,0,6,0.25,0,-0.00885990072916996,0.0450659228175428,0.46,NA,50
"check_then_relax",0,0,6,0.25,0.15,0.00860216286233086,0.0459824682235268,0.56,NA,50
"check_then_relax",0,0,6,0.6,0,0.00177203406763861,0.0465142213950909,0.52,NA,50
"check_then_relax",0,0,6,0.6,0.15,0.00322245474935461,0.0493517226303717,0.58,NA,50
"check_then_relax",0,0,12,0.25,0,0.00305584735782904,0.029146887796677,0.32,NA,50
"check_then_relax",0,0,12,0.25,0.15,-0.0016223509437941,0.0266824168952229,0.26,NA,50
"check_then_relax",0,0,12,0.6,0,-0.0039700203149293,0.0312987002826885,0.34,NA,50
"check_then_relax",0,0,12,0.6,0.15,0.00244202911814846,0.031537308969729,0.34,NA,50
"check_then_relax",0,0.3,6,0.25,0,-0.00455567522375981,0.0358139396647557,0.44,0.42,50
"check_then_relax",0,0.3,6,0.25,0.15,-0.00391481781247059,0.040103991902195,0.44,0.44,50
"check_then_relax",0,0.3,6,0.6,0,0.0068165614412398,0.0398609729969857,0.46,0.6,50
"check_then_relax",0,0.3,6,0.6,0.15,-0.00201100411134689,0.0493025150702853,0.44,0.44,50
"check_then_relax",0,0.3,12,0.25,0,-0.00172867121680767,0.0259089907153154,0.2,0.44,50
"check_then_relax",0,0.3,12,0.25,0.15,-0.00207466105433208,0.0318073754039076,0.42,0.44,50
"check_then_relax",0,0.3,12,0.6,0,0.000326395778206273,0.0292509649158239,0.28,0.44,50
"check_then_relax",0,0.3,12,0.6,0.15,0.000743471560102545,0.0308454551310434,0.28,0.46,50
"check_then_relax",0,0.6,6,0.25,0,0.000530019471412034,0.0423893671201078,0.44,0.38,50
"check_then_relax",0,0.6,6,0.25,0.15,-0.000240020853891916,0.0494732197356679,0.52,0.32,50
"check_then_relax",0,0.6,6,0.6,0,-0.00105260974636803,0.0482906797613095,0.52,0.46,50
"check_then_relax",0,0.6,6,0.6,0.15,0.013379265177514,0.0748330465759886,0.64,0.56,50
"check_then_relax",0,0.6,12,0.25,0,0.00392470215468733,0.0288150661274541,0.28,0.48,50
"check_then_relax",0,0.6,12,0.25,0.15,0.0024533978048171,0.0323045089852115,0.36,0.44,50
"check_then_relax",0,0.6,12,0.6,0,0.0012911644840817,0.0349710259466417,0.32,0.44,50
"check_then_relax",0,0.6,12,0.6,0.15,0.0124581811898035,0.0401203725688664,0.42,0.6,50
"check_then_relax",0,1.2,6,0.25,0,-0.000313417662402025,0.0518366189813523,0.68,0.4,50
"check_then_relax",0,1.2,6,0.25,0.15,-0.00702410862094092,0.0506970687594237,0.54,0.4,50
"check_then_relax",0,1.2,6,0.6,0,-0.000466102402994934,0.0653174667687658,0.64,0.38,50
"check_then_relax",0,1.2,6,0.6,0.15,0.0044960206948919,0.0731318732199753,0.56,0.46,50
"check_then_relax",0,1.2,12,0.25,0,0.00851358066585546,0.0355677301321776,0.26,0.44,50
"check_then_relax",0,1.2,12,0.25,0.15,0.00423571452340689,0.039697947381717,0.36,0.3,50
"check_then_relax",0,1.2,12,0.6,0,-0.00465278788249118,0.0359304262580405,0.5,0.34,50
"check_then_relax",0,1.2,12,0.6,0.15,0.00746750988560905,0.0350477800837967,0.46,0.5,50
"check_then_relax",0.5,0,6,0.25,0,-0.00887626134050739,0.0451944108859203,0.46,NA,50
"check_then_relax",0.5,0,6,0.25,0.15,0.0109951151978534,0.0500249790638698,0.58,NA,50
"check_then_relax",0.5,0,6,0.6,0,0.00175774850257766,0.0466534077073735,0.52,NA,50
"check_then_relax",0.5,0,6,0.6,0.15,0.0029859749228223,0.0498491860237052,0.58,NA,50
"check_then_relax",0.5,0,12,0.25,0,0.00553418047705793,0.0367370361230155,0.32,NA,50
"check_then_relax",0.5,0,12,0.25,0.15,0.000202562251019809,0.0367178361686534,0.28,NA,50
"check_then_relax",0.5,0,12,0.6,0,-0.00421575620269121,0.0317187365215615,0.38,NA,50
"check_then_relax",0.5,0,12,0.6,0.15,0.00370118720650614,0.0344188659919757,0.34,NA,50
"check_then_relax",0.5,0.3,6,0.25,0,0.0232983732953689,0.0425744949455496,0.5,0.42,50
"check_then_relax",0.5,0.3,6,0.25,0.15,0.0147277701237872,0.0590128119402977,0.6,0.42,50
"check_then_relax",0.5,0.3,6,0.6,0,0.0313927501531002,0.0512779709580156,0.7,0.58,50
"check_then_relax",0.5,0.3,6,0.6,0.15,0.0204390724827148,0.0588135562101799,0.64,0.44,50
"check_then_relax",0.5,0.3,12,0.25,0,0.0259748731082966,0.0367745104128784,0.46,0.44,50
"check_then_relax",0.5,0.3,12,0.25,0.15,0.0190182987373848,0.0448441115266111,0.5,0.4,50
"check_then_relax",0.5,0.3,12,0.6,0,0.0230747783781886,0.0430765399100905,0.52,0.42,50
"check_then_relax",0.5,0.3,12,0.6,0.15,0.0232028296138783,0.041906372020499,0.56,0.42,50
"check_then_relax",0.5,0.6,6,0.25,0,0.0556720821592617,0.0701193197129435,0.72,0.38,50
"check_then_relax",0.5,0.6,6,0.25,0.15,0.041430509508012,0.0831572085299292,0.7,0.3,50
"check_then_relax",0.5,0.6,6,0.6,0,0.0400838261320081,0.0778707395247936,0.72,0.4,50
"check_then_relax",0.5,0.6,6,0.6,0.15,0.0568386207169141,0.0898669149270743,0.74,0.54,50
"check_then_relax",0.5,0.6,12,0.25,0,0.0532618259147058,0.0660577657243039,0.8,0.48,50
"check_then_relax",0.5,0.6,12,0.25,0.15,0.0326715618429816,0.0726908875814593,0.74,0.36,50
"check_then_relax",0.5,0.6,12,0.6,0,0.0378631558476276,0.0606359538983757,0.6,0.32,50
"check_then_relax",0.5,0.6,12,0.6,0.15,0.0448239388082628,0.0735529003501106,0.78,0.46,50
"check_then_relax",0.5,1.2,6,0.25,0,0.0980953530692763,0.116008218821006,0.96,0.36,50
"check_then_relax",0.5,1.2,6,0.25,0.15,0.0678904947986707,0.10452698199372,0.88,0.3,50
"check_then_relax",0.5,1.2,6,0.6,0,0.0566559353491444,0.0999402239362461,0.72,0.28,50
"check_then_relax",0.5,1.2,6,0.6,0.15,0.0582330393883883,0.100802102013083,0.76,0.2,50
"check_then_relax",0.5,1.2,12,0.25,0,0.071240408602269,0.0982220566123033,0.74,0.28,50
"check_then_relax",0.5,1.2,12,0.25,0.15,0.0529480267083352,0.100843117704861,0.74,0.18,50
"check_then_relax",0.5,1.2,12,0.6,0,0.0114314316955082,0.0650650859148503,0.6,0.12,50
"check_then_relax",0.5,1.2,12,0.6,0.15,0.0244021215030692,0.0648837785837624,0.54,0.08,50
"check_then_relax",1,0,6,0.25,0,-0.00876599812272652,0.0446113736858505,0.46,NA,50
"check_then_relax",1,0,6,0.25,0.15,0.0127579048343823,0.0565088764000218,0.58,NA,50
"check_then_relax",1,0,6,0.6,0,0.00166225006729663,0.0461116404452556,0.52,NA,50
"check_then_relax",1,0,6,0.6,0.15,0.00273076178025421,0.0501379996378999,0.58,NA,50
"check_then_relax",1,0,12,0.25,0,0.00761913710662216,0.0474828871527841,0.32,NA,50
"check_then_relax",1,0,12,0.25,0.15,0.00175251883009862,0.0532896136079743,0.3,NA,50
"check_then_relax",1,0,12,0.6,0,-0.00442483732064632,0.0319743475563112,0.38,NA,50
"check_then_relax",1,0,12,0.6,0.15,0.00490605910651489,0.0385227246583258,0.34,NA,50
"check_then_relax",1,0.3,6,0.25,0,0.0513057977450502,0.062265121713323,0.74,0.42,50
"check_then_relax",1,0.3,6,0.25,0.15,0.0346418371792865,0.0891035120287209,0.76,0.42,50
"check_then_relax",1,0.3,6,0.6,0,0.0559825210824768,0.0736842704399479,0.78,0.58,50
"check_then_relax",1,0.3,6,0.6,0.15,0.043193514580802,0.0794035467017699,0.74,0.42,50
"check_then_relax",1,0.3,12,0.25,0,0.053750717563036,0.0596259065834438,0.82,0.44,50
"check_then_relax",1,0.3,12,0.25,0.15,0.0406594639159427,0.0759625141013373,0.7,0.4,50
"check_then_relax",1,0.3,12,0.6,0,0.0459357013300447,0.0680315707026808,0.86,0.42,50
"check_then_relax",1,0.3,12,0.6,0.15,0.0456793952005438,0.0644350590117719,0.82,0.42,50
"check_then_relax",1,0.6,6,0.25,0,0.110597293893354,0.118116292880246,0.98,0.38,50
"check_then_relax",1,0.6,6,0.25,0.15,0.0851253136228098,0.134770026978563,0.98,0.3,50
"check_then_relax",1,0.6,6,0.6,0,0.0818270861548062,0.123950500783855,0.98,0.4,50
"check_then_relax",1,0.6,6,0.6,0.15,0.100099897060909,0.127682723439705,1,0.5,50
"check_then_relax",1,0.6,12,0.25,0,0.102641121058946,0.117076537652958,0.98,0.48,50
"check_then_relax",1,0.6,12,0.25,0.15,0.0650634247064822,0.12898874702577,1,0.36,50
"check_then_relax",1,0.6,12,0.6,0,0.074536490698856,0.103590178906604,0.84,0.32,50
"check_then_relax",1,0.6,12,0.6,0.15,0.077180562403086,0.117112789523039,0.84,0.46,50
"check_then_relax",1,1.2,6,0.25,0,0.195658140733501,0.214873741690451,0.98,0.36,50
"check_then_relax",1,1.2,6,0.25,0.15,0.145248608021609,0.198374746572738,0.98,0.3,50
"check_then_relax",1,1.2,6,0.6,0,0.114155172796736,0.170638079611565,0.88,0.22,50
"check_then_relax",1,1.2,6,0.6,0.15,0.11248426573585,0.169724590960001,0.84,0.18,50
"check_then_relax",1,1.2,12,0.25,0,0.133992245473889,0.178782049473466,0.84,0.26,50
"check_then_relax",1,1.2,12,0.25,0.15,0.103872861491463,0.182333766943976,0.86,0.18,50
"check_then_relax",1,1.2,12,0.6,0,0.0290259127988209,0.109241493649852,0.72,0.12,50
"check_then_relax",1,1.2,12,0.6,0.15,0.0428181663712632,0.112296414986362,0.7,0.06,50
"check_then_relax",1.5,0,6,0.25,0,-0.00854226218203787,0.0433996654446894,0.46,NA,50
"check_then_relax",1.5,0,6,0.25,0.15,0.0137236373364576,0.0616689265933246,0.58,NA,50
"check_then_relax",1.5,0,6,0.6,0,0.00150127111630767,0.0449619681746989,0.5,NA,50
"check_then_relax",1.5,0,6,0.6,0.15,0.00245371930933748,0.0501832781013931,0.58,NA,50
"check_then_relax",1.5,0,12,0.25,0,0.00917796381266473,0.0568524207004436,0.3,NA,50
"check_then_relax",1.5,0,12,0.25,0.15,0.00286910865232868,0.068750254251614,0.3,NA,50
"check_then_relax",1.5,0,12,0.6,0,-0.00458974689987581,0.0320509401930636,0.36,NA,50
"check_then_relax",1.5,0,12,0.6,0.15,0.00601295259201875,0.0432062950248606,0.34,NA,50
"check_then_relax",1.5,0.3,6,0.25,0,0.0788367787163049,0.0860431034759517,0.9,0.42,50
"check_then_relax",1.5,0.3,6,0.25,0.15,0.0555340027654728,0.117509818831219,0.88,0.42,50
"check_then_relax",1.5,0.3,6,0.6,0,0.0801876272368226,0.0991845668795455,0.92,0.58,50
"check_then_relax",1.5,0.3,6,0.6,0.15,0.0658995641881714,0.103405452578767,0.86,0.44,50
"check_then_relax",1.5,0.3,12,0.25,0,0.0810636495803161,0.0848919543007386,0.96,0.44,50
"check_then_relax",1.5,0.3,12,0.25,0.15,0.0626277417791888,0.10780237105344,0.94,0.4,50
"check_then_relax",1.5,0.3,12,0.6,0,0.0685147244707852,0.095002168402351,0.98,0.42,50
"check_then_relax",1.5,0.3,12,0.6,0.15,0.0678653460486027,0.0894515072590668,0.96,0.42,50
"check_then_relax",1.5,0.6,6,0.25,0,0.164206517674221,0.168794777340303,1,0.38,50
"check_then_relax",1.5,0.6,6,0.25,0.15,0.130295765310825,0.18476074692055,1,0.3,50
"check_then_relax",1.5,0.6,6,0.6,0,0.123420013934019,0.171704742714039,1,0.4,50
"check_then_relax",1.5,0.6,6,0.6,0.15,0.142297154470964,0.172421265928292,0.94,0.48,50
"check_then_relax",1.5,0.6,12,0.25,0,0.151127014906364,0.168385574465204,1,0.48,50
"check_then_relax",1.5,0.6,12,0.25,0.15,0.0994371806117736,0.181471363869558,1,0.34,50
"check_then_relax",1.5,0.6,12,0.6,0,0.110740709283391,0.148351019793003,0.9,0.32,50
"check_then_relax",1.5,0.6,12,0.6,0.15,0.109079137719027,0.161345793118291,0.92,0.46,50
"check_then_relax",1.5,1.2,6,0.25,0,0.290051312354999,0.312314422474268,1,0.34,50
"check_then_relax",1.5,1.2,6,0.25,0.15,0.22372809223533,0.289233045642178,0.98,0.3,50
"check_then_relax",1.5,1.2,6,0.6,0,0.171417751219277,0.244333662918874,0.92,0.22,50
"check_then_relax",1.5,1.2,6,0.6,0.15,0.167279947699944,0.243049475555309,0.86,0.18,50
"check_then_relax",1.5,1.2,12,0.25,0,0.195824928727343,0.256905648743894,0.84,0.24,50
"check_then_relax",1.5,1.2,12,0.25,0.15,0.156580578535493,0.259810660117676,0.88,0.18,50
"check_then_relax",1.5,1.2,12,0.6,0,0.04834050937934,0.152921985003143,0.82,0.12,50
"check_then_relax",1.5,1.2,12,0.6,0.15,0.0632407745705331,0.158101217306099,0.8,0.04,50
