"scenario","omit","joint","overlap","n_arm","rho4","sd_target","well_specified","diagnosable","w_deploy","n","fit_rate","material","coverage","bias","transport","ess","fires_ess35","fires_bias_hat"
1,0,0,0,150,0,1,TRUE,TRUE,0.01330875,4000,1,0.22425,0.94075,-0.00338209415745792,-9.61669462275446e-05,294.472924354419,0,0
2,0,0,0,150,0,1.25,TRUE,TRUE,0.00716625,4000,1,0.51825,0.8675,-0.000135501754050879,0.000342053014942474,187.926681986961,0,0
3,0,0,0,150,0.5,1,TRUE,TRUE,0.019963125,4000,1,0.262,0.945,0.00139628830388383,0.000230530531385137,294.411068597118,0,0
4,0,0,0,150,0.5,1.25,TRUE,TRUE,0.010749375,4000,1,0.56475,0.864,0.0080959000808694,0.000374680903832809,187.526588940797,0,0.00025
5,0,0,0,400,0,1,TRUE,TRUE,0.01626625,4000,1,0.045,0.94975,0.00223487599322733,-8.57408936473297e-05,794.609825825337,0,0
6,0,0,0,400,0,1.25,TRUE,TRUE,0.00875875,4000,1,0.30625,0.90225,-0.0062618727959653,-0.000625623559173688,510.066570606944,0,0
7,0,0,0,400,0.5,1,TRUE,TRUE,0.024399375,4000,1,0.05875,0.94925,0.00133673590830664,0.00020425001544144,794.543641700922,0,0
8,0,0,0,400,0.5,1.25,TRUE,TRUE,0.013138125,4000,1,0.362,0.89825,-0.00274263592603917,-0.00030642953848171,509.577045759733,0,0
9,0,0,0.25,150,0,1,TRUE,TRUE,0.01863225,4000,1,0.2745,0.9345,0.00279499840964033,0.000179787519805183,258.294413658323,0,0.00325
10,0,0,0.25,150,0,1.25,TRUE,TRUE,0.01003275,4000,1,0.57175,0.85075,-0.00974814169535676,-0.00206972584086733,153.159863066515,0,0.005
11,0,0,0.25,150,0.5,1,TRUE,TRUE,0.027948375,4000,1,0.3085,0.935,-0.007286236833217,-0.0011066625487651,257.829798928315,0,0
12,0,0,0.25,150,0.5,1.25,TRUE,TRUE,0.015049125,4000,1,0.5915,0.8555,0.00171624088168805,-0.000748647273216664,153.8217339836,0,0
13,0,0,0.25,400,0,1,TRUE,TRUE,0.02277275,4000,1,0.069,0.947,-0.00198778390686449,-0.000509559698503321,697.645481495466,0,0
14,0,0,0.25,400,0,1.25,TRUE,TRUE,0.01226225,4000,1,0.37475,0.88225,-0.0013529220641332,-0.000537886073382114,411.302738354384,0,0
15,0,0,0.25,400,0.5,1,TRUE,TRUE,0.034159125,4000,1,0.09625,0.94375,-0.000309835044302041,-0.000229552398912404,697.901284474987,0,0
16,0,0,0.25,400,0.5,1.25,TRUE,TRUE,0.018393375,4000,1,0.42525,0.88175,0.00394551726700942,-0.000515183994499023,410.370661010957,0,0
17,0,0,0.75,150,0,1,TRUE,TRUE,0.01330875,4000,1,0.52925,0.85525,0.00351121240759567,-0.00277366104415221,92.9831616450272,0,0.259
18,0,0,0.75,150,0,1.25,TRUE,TRUE,0.00716625,4000,1,0.73,0.7245,-0.00305870822098411,-0.00581765010191392,46.4347663777486,0.16275,0.2615
19,0,0,0.75,150,0.5,1,TRUE,TRUE,0.019963125,4000,1,0.583,0.845,0.00435732520855625,-0.00193843715453649,92.1522289238843,0.00025,0
20,0,0,0.75,150,0.5,1.25,TRUE,TRUE,0.010749375,4000,1,0.75625,0.71925,-0.00940147757200646,-0.00679692422818567,46.7343161036574,0.15775,0.0015
21,0,0,0.75,400,0,1,TRUE,TRUE,0.01626625,4000,1,0.32475,0.89575,0.00409063409703426,-0.000482790913263099,252.86162673921,0,0.06475
22,0,0,0.75,400,0,1.25,TRUE,TRUE,0.00875875,4000,1,0.6095,0.7745,-0.00384043350998586,-0.00239042718292944,116.477476854657,0,0.06625
23,0,0,0.75,400,0.5,1,TRUE,TRUE,0.024399375,4000,1,0.37475,0.889,0.00108751663758968,-0.000452704906087119,254.367160859033,0,0
24,0,0,0.75,400,0.5,1.25,TRUE,TRUE,0.013138125,4000,1,0.64075,0.76375,-0.00941823881135408,-0.00429188842136101,117.161427354899,0,0
25,0,0,1.25,150,0,1,TRUE,TRUE,0.00798525,3970,0.9925,0.751385390428212,0.66272040302267,-0.00910230522540465,-0.0128803073505635,17.5666228578784,0.981108312342569,0.488916876574307
26,0,0,1.25,150,0,1.25,TRUE,TRUE,0.00429975,3581,0.89525,0.858419435911757,0.507400167550963,-0.0232577981432049,-0.0239560008197003,10.3713028587411,0.999720748394303,0.462719910639486
27,0,0,1.25,150,0.5,1,TRUE,TRUE,0.011977875,3966,0.9915,0.792486132123046,0.628340897629854,-0.0192478811389712,-0.0117353863544514,17.7253996561945,0.981341401916288,0.0146243066061523
28,0,0,1.25,150,0.5,1.25,TRUE,TRUE,0.006449625,3535,0.88375,0.860820367751061,0.514851485148515,-0.050533759523309,-0.027664091937814,10.3408068856245,0.9994342291372,0.0364922206506365
29,0,0,1.25,400,0,1,TRUE,TRUE,0.00975975,4000,1,0.65575,0.749,-0.0148051328171983,-0.00614758814650595,47.0121826766613,0.143,0.257
30,0,0,1.25,400,0,1.25,TRUE,TRUE,0.00525525,3998,0.9995,0.785392696348174,0.631815907953977,-0.00468357372403324,-0.0128240773231626,24.3126911050632,0.918209104552276,0.259129564782391
31,0,0,1.25,400,0.5,1,TRUE,TRUE,0.014639625,4000,1,0.69175,0.74025,-0.014753470484551,-0.0071844089442008,47.2401756210647,0.1475,0
32,0,0,1.25,400,0.5,1.25,TRUE,TRUE,0.007882875,4000,1,0.791,0.6395,-0.00673255375662417,-0.00984972809147003,24.5442518000018,0.89875,0.001
33,0,0.45,0,150,0,1,FALSE,FALSE,0.00570375,4000,1,0.46625,0.806,-0.176985950989242,-0.179251579080925,294.319299360805,0,0
34,0,0.45,0,150,0,1.25,FALSE,FALSE,0.00307125,4000,1,0.59925,0.80675,-0.188203549634511,-0.195674034061857,187.275807777729,0,0
35,0,0.45,0,150,0.5,1,FALSE,FALSE,0.008555625,4000,1,0.4725,0.82475,-0.175542847045634,-0.179033703621577,294.427664443659,0,0
36,0,0.45,0,150,0.5,1.25,FALSE,FALSE,0.004606875,4000,1,0.629,0.81675,-0.19447176452989,-0.197322935601076,187.881451956436,0,0
37,0,0.45,0,400,0,1,FALSE,FALSE,0.00697125,4000,1,0.403,0.5985,-0.176776716701937,-0.179470277079768,794.527241084069,0,0
38,0,0.45,0,400,0,1.25,FALSE,FALSE,0.00375375,4000,1,0.503,0.764,-0.191274763528903,-0.192990890545497,510.802548946556,0,0
39,0,0.45,0,400,0.5,1,FALSE,FALSE,0.010456875,4000,1,0.41825,0.63575,-0.17899526277671,-0.1794388073145,794.590767022681,0,0
40,0,0.45,0,400,0.5,1.25,FALSE,FALSE,0.005630625,4000,1,0.53,0.78625,-0.193249867917331,-0.193566772952798,509.19611030552,0,0
41,0,0.45,0.25,150,0,1,FALSE,FALSE,0.00798525,4000,1,0.49225,0.825,-0.179724550041816,-0.18245963242923,257.465178389413,0,0.006
42,0,0.45,0.25,150,0,1.25,FALSE,FALSE,0.00429975,4000,1,0.66025,0.77775,-0.210533363903081,-0.205053216661813,153.598497750979,0,0.007
43,0,0.45,0.25,150,0.5,1,FALSE,FALSE,0.011977875,4000,1,0.50925,0.827,-0.185144717156395,-0.180980990971043,257.679201605876,0,0
44,0,0.45,0.25,150,0.5,1.25,FALSE,FALSE,0.006449625,4000,1,0.6605,0.792,-0.199155956145078,-0.200870427362832,153.486048952902,0,0
45,0,0.45,0.25,400,0,1,FALSE,FALSE,0.00975975,4000,1,0.43925,0.66675,-0.180798543225183,-0.180986675423735,698.044133317003,0,0
46,0,0.45,0.25,400,0,1.25,FALSE,FALSE,0.00525525,4000,1,0.54625,0.77175,-0.193390714162065,-0.195392969896689,411.392708118003,0,0.00025
47,0,0.45,0.25,400,0.5,1,FALSE,FALSE,0.014639625,4000,1,0.43375,0.71,-0.178086127528074,-0.180306883284207,697.420076054716,0,0
48,0,0.45,0.25,400,0.5,1.25,FALSE,FALSE,0.007882875,4000,1,0.5815,0.78325,-0.199363968418464,-0.197248586236544,409.303976354681,0,0
49,0,0.45,0.75,150,0,1,FALSE,FALSE,0.00570375,4000,1,0.64775,0.78625,-0.200532286107603,-0.198402485851022,92.2980306988556,0,0.2875
50,0,0.45,0.75,150,0,1.25,FALSE,FALSE,0.00307125,4000,1,0.789,0.67375,-0.241326801597665,-0.24088913470553,46.8581265581091,0.1565,0.2985
51,0,0.45,0.75,150,0.5,1,FALSE,FALSE,0.008555625,4000,1,0.66675,0.7875,-0.199691818801175,-0.200762070248267,92.4479905964639,0.00025,0
52,0,0.45,0.75,150,0.5,1.25,FALSE,FALSE,0.004606875,4000,1,0.8205,0.668,-0.260460040298503,-0.251218102773096,46.3007438441234,0.16275,0.0015
53,0,0.45,0.75,400,0,1,FALSE,FALSE,0.00697125,4000,1,0.55225,0.79975,-0.187512707599279,-0.187973378068897,254.211615290599,0,0.0805
54,0,0.45,0.75,400,0,1.25,FALSE,FALSE,0.00375375,4000,1,0.73,0.7025,-0.238551734044489,-0.2293293024713,117.488806197897,0,0.075
55,0,0.45,0.75,400,0.5,1,FALSE,FALSE,0.010456875,4000,1,0.55025,0.81525,-0.181236615180601,-0.186187397202284,253.324089282208,0,0
56,0,0.45,0.75,400,0.5,1.25,FALSE,FALSE,0.005630625,4000,1,0.7365,0.72275,-0.208462159055784,-0.215970592765785,116.825785811256,0,0
57,0,0.45,1.25,150,0,1,FALSE,FALSE,0.00342225,3954,0.9885,0.823216995447648,0.597369752149722,-0.311617799071651,-0.284537091399841,17.6697981274036,0.979514415781487,0.512392513909965
58,0,0.45,1.25,150,0,1.25,FALSE,FALSE,0.00184275,3592,0.898,0.878619153674833,0.470768374164811,-0.317977655939378,-0.336335752491297,10.4717628548278,1,0.483296213808463
59,0,0.45,1.25,150,0.5,1,FALSE,FALSE,0.005133375,3961,0.99025,0.833627871749558,0.572330219641505,-0.28714937574571,-0.275676070695614,17.5001575405881,0.976521080535218,0.0194395354708407
60,0,0.45,1.25,150,0.5,1.25,FALSE,FALSE,0.002764125,3567,0.89175,0.898794505186431,0.468460891505467,-0.341047017942089,-0.326253671362967,10.2817203528303,1,0.0358844967760022
61,0,0.45,1.25,400,0,1,FALSE,FALSE,0.00418275,4000,1,0.756,0.695,-0.229793289210545,-0.237410130449741,46.6881671014924,0.1475,0.292
62,0,0.45,1.25,400,0,1.25,FALSE,FALSE,0.00225225,4000,1,0.834,0.5915,-0.279449543806243,-0.293766164347772,24.4587155402846,0.91575,0.2725
63,0,0.45,1.25,400,0.5,1,FALSE,FALSE,0.006274125,4000,1,0.75875,0.69025,-0.232922619708521,-0.234689745793617,47.1739823334576,0.13325,0
64,0,0.45,1.25,400,0.5,1.25,FALSE,FALSE,0.003378375,4000,1,0.84675,0.5945,-0.280383096330071,-0.292362229218421,24.3853675025619,0.90625,5e-04
65,0.35,0,0,150,0,1,FALSE,TRUE,0.00716625,4000,1,0.24975,0.945,0.000898447671312104,-0.000289057742181797,294.576991548376,0,0
66,0.35,0,0,150,0,1.25,FALSE,TRUE,0.00385875,4000,1,0.53225,0.87,-0.00377418602496588,-0.000880867640816308,188.513176443365,0,0.00175
67,0.35,0,0,150,0.5,1,FALSE,TRUE,0.010749375,4000,1,0.30375,0.94175,0.00210613476452921,0.00109332399027101,294.487930399907,0,0
68,0.35,0,0,150,0.5,1.25,FALSE,TRUE,0.005788125,4000,1,0.607,0.86875,0.00221907998404945,-0.00124513911105846,188.097306694761,0,0
69,0.35,0,0,400,0,1,FALSE,TRUE,0.00875875,4000,1,0.05125,0.95125,-0.00120632092886982,-0.000110525031766352,794.619572745248,0,0
70,0.35,0,0,400,0,1.25,FALSE,TRUE,0.00471625,4000,1,0.3125,0.905,0.00316163804915367,0.000561079130342645,509.95223687822,0,0
71,0.35,0,0,400,0.5,1,FALSE,TRUE,0.013138125,4000,1,0.08725,0.94775,-0.00167396634976092,-0.000300377656836218,794.66505903416,0,0
72,0.35,0,0,400,0.5,1.25,FALSE,TRUE,0.007074375,4000,1,0.391,0.893,-0.000668465985238243,3.5912475709793e-05,508.991190492333,0,0
73,0.35,0,0.25,150,0,1,FALSE,TRUE,0.01003275,4000,1,0.339,0.91375,-0.0886233388507787,-0.0877201393641765,257.146189547446,0,0.33825
74,0.35,0,0.25,150,0,1.25,FALSE,TRUE,0.00540225,4000,1,0.57475,0.84325,-0.102233259190634,-0.0895130276963116,154.219234322731,0,0.3505
75,0.35,0,0.25,150,0.5,1,FALSE,TRUE,0.015049125,4000,1,0.34625,0.929,-0.00062418862792171,0.00177364739653999,257.951777876397,0,0
76,0.35,0,0.25,150,0.5,1.25,FALSE,TRUE,0.008103375,4000,1,0.6275,0.84925,-0.00748503844427875,-0.00170815586546225,153.577862123858,0,5e-04
77,0.35,0,0.25,400,0,1,FALSE,TRUE,0.01226225,4000,1,0.16825,0.87625,-0.0889783016627533,-0.0875946937906617,697.704158297002,0,0.274
78,0.35,0,0.25,400,0,1.25,FALSE,TRUE,0.00660275,4000,1,0.40125,0.859,-0.0799444934104081,-0.0864631484207475,410.507222961744,0,0.30075
79,0.35,0,0.25,400,0.5,1,FALSE,TRUE,0.018393375,4000,1,0.12125,0.9425,0.00407266235711333,0.00180509898259197,697.426509949802,0,0
80,0.35,0,0.25,400,0.5,1.25,FALSE,TRUE,0.009904125,4000,1,0.4665,0.86925,0.00380530581801521,0.00110703094425856,412.261493092684,0,0
81,0.35,0,0.75,150,0,1,FALSE,TRUE,0.00716625,4000,1,0.6475,0.75175,-0.26023443800545,-0.264795958232821,92.4098431415266,0.00025,0.9635
82,0.35,0,0.75,150,0,1.25,FALSE,TRUE,0.00385875,4000,1,0.76,0.681,-0.274536654422636,-0.267424537355229,46.4198284233413,0.16075,0.95775
83,0.35,0,0.75,150,0.5,1,FALSE,TRUE,0.010749375,4000,1,0.60725,0.8485,0.00123961094907759,0.00103506047038737,92.6200241714177,0.00075,0.00675
84,0.35,0,0.75,150,0.5,1.25,FALSE,TRUE,0.005788125,4000,1,0.7765,0.70575,-0.0084114606979215,-0.00662661770977066,46.2874018220292,0.15975,0.03
85,0.35,0,0.75,400,0,1,FALSE,TRUE,0.00875875,4000,1,0.6265,0.6595,-0.264535956861176,-0.262949083475601,254.352996303381,0,0.999
86,0.35,0,0.75,400,0,1.25,FALSE,TRUE,0.00471625,4000,1,0.67675,0.70125,-0.257996718397101,-0.266780316775673,116.652123358368,0,0.9975
87,0.35,0,0.75,400,0.5,1,FALSE,TRUE,0.013138125,4000,1,0.4165,0.88675,-0.00249983612578386,0.00336713805913953,252.57968086509,0,0
88,0.35,0,0.75,400,0.5,1.25,FALSE,TRUE,0.007074375,4000,1,0.683,0.76925,-0.0144334053873506,-0.00184063887091237,116.857713850442,0,0.00075
89,0.35,0,1.25,150,0,1,FALSE,TRUE,0.00429975,3955,0.98875,0.81441213653603,0.561061946902655,-0.445122563653566,-0.443564935158178,17.614362180625,0.984070796460177,0.985335018963338
90,0.35,0,1.25,150,0,1.25,FALSE,TRUE,0.00231525,3603,0.90075,0.870108243130724,0.491812378573411,-0.456789691879836,-0.45797249406597,10.4960387313698,0.999722453510963,0.976131001942825
91,0.35,0,1.25,150,0.5,1,FALSE,TRUE,0.006449625,3955,0.98875,0.80480404551201,0.62629582806574,-0.0207091058773412,-0.0146768622003936,17.672033046666,0.980530973451327,0.13527180783818
92,0.35,0,1.25,150,0.5,1.25,FALSE,TRUE,0.003472875,3586,0.8965,0.873675404350251,0.499163413273843,-0.0684346523226524,-0.0455386032015958,10.4043284658763,0.999442275515895,0.214723926380368
93,0.35,0,1.25,400,0,1,FALSE,TRUE,0.00525525,4000,1,0.772,0.5885,-0.447858236303838,-0.441505480429907,46.6503504618712,0.158,1
94,0.35,0,1.25,400,0,1.25,FALSE,TRUE,0.00282975,4000,1,0.81175,0.5665,-0.44300454453601,-0.447254787997128,24.1475185114167,0.9195,1
95,0.35,0,1.25,400,0.5,1,FALSE,TRUE,0.007882875,4000,1,0.71225,0.7395,0.0039741652484912,0.00248036369556886,46.9802803316881,0.1495,0.02175
96,0.35,0,1.25,400,0.5,1.25,FALSE,TRUE,0.004244625,4000,1,0.81325,0.6165,-0.0228601847658376,-0.0129483666251351,24.1611718882731,0.91225,0.0715
97,0.35,0.45,0,150,0,1,FALSE,FALSE,0.00307125,4000,1,0.4625,0.8155,-0.176101612536186,-0.178226535237363,294.538761489638,0,5e-04
98,0.35,0.45,0,150,0,1.25,FALSE,FALSE,0.00165375,4000,1,0.6125,0.816,-0.192730387618276,-0.19372166107371,188.241288905002,0,0.00275
99,0.35,0.45,0,150,0.5,1,FALSE,FALSE,0.004606875,4000,1,0.491,0.83225,-0.183571774378736,-0.179072574317907,294.494614101277,0,0
100,0.35,0.45,0,150,0.5,1.25,FALSE,FALSE,0.002480625,4000,1,0.6565,0.8245,-0.193170158970165,-0.19801122638758,188.029782117788,0,5e-04
101,0.35,0.45,0,400,0,1,FALSE,FALSE,0.00375375,4000,1,0.44,0.593,-0.182831045544452,-0.180447227442724,794.627638252644,0,0
102,0.35,0.45,0,400,0,1.25,FALSE,FALSE,0.00202125,4000,1,0.526,0.76575,-0.193442672598525,-0.192826109189998,509.435420104162,0,0
103,0.35,0.45,0,400,0.5,1,FALSE,FALSE,0.005630625,4000,1,0.42325,0.66875,-0.177709192861813,-0.179548530996492,794.694147106162,0,0
104,0.35,0.45,0,400,0.5,1.25,FALSE,FALSE,0.003031875,4000,1,0.5435,0.79075,-0.194865504755249,-0.192837558354674,510.527732344911,0,0
105,0.35,0.45,0.25,150,0,1,FALSE,FALSE,0.00429975,4000,1,0.65225,0.70175,-0.272397068044484,-0.267764462746378,257.636312655416,0,0.3325
106,0.35,0.45,0.25,150,0,1.25,FALSE,FALSE,0.00231525,4000,1,0.7055,0.74375,-0.285699810932226,-0.287684712080243,153.655541836047,0,0.3415
107,0.35,0.45,0.25,150,0.5,1,FALSE,FALSE,0.006449625,4000,1,0.5055,0.853,-0.17764711506711,-0.178437568449329,258.131309668478,0,0
108,0.35,0.45,0.25,150,0.5,1.25,FALSE,FALSE,0.003472875,4000,1,0.69725,0.79425,-0.208200193179528,-0.202769325852913,153.090211256971,0,0.00125
109,0.35,0.45,0.25,400,0,1,FALSE,FALSE,0.00525525,4000,1,0.705,0.40975,-0.270173480803134,-0.268623934544545,697.497001148051,0,0.276
110,0.35,0.45,0.25,400,0,1.25,FALSE,FALSE,0.00282975,4000,1,0.658,0.68,-0.280557049173686,-0.281284793257694,411.602421003657,0,0.29025
111,0.35,0.45,0.25,400,0.5,1,FALSE,FALSE,0.007882875,4000,1,0.437,0.74325,-0.177569432879043,-0.17795986399709,697.556139646275,0,0
112,0.35,0.45,0.25,400,0.5,1.25,FALSE,FALSE,0.004244625,4000,1,0.58775,0.7945,-0.192242803721339,-0.194663418222863,409.600777228883,0,0
113,0.35,0.45,0.75,150,0,1,FALSE,FALSE,0.00307125,4000,1,0.794,0.62175,-0.468274059921115,-0.463046499972785,92.6251381505242,0,0.95825
114,0.35,0.45,0.75,150,0,1.25,FALSE,FALSE,0.00165375,4000,1,0.82,0.6075,-0.491347190164441,-0.496243351566372,47.0170255758582,0.163,0.94975
115,0.35,0.45,0.75,150,0.5,1,FALSE,FALSE,0.004606875,4000,1,0.70925,0.79375,-0.198648940189411,-0.194951672385507,92.3827175536871,0,0.01
116,0.35,0.45,0.75,150,0.5,1.25,FALSE,FALSE,0.002480625,4000,1,0.82625,0.67075,-0.246095189388255,-0.245034156222591,46.9387486137675,0.15825,0.03675
117,0.35,0.45,0.75,400,0,1,FALSE,FALSE,0.00375375,4000,1,0.8345,0.47125,-0.4493521077328,-0.451816155735581,253.373345118376,0,0.9975
118,0.35,0.45,0.75,400,0,1.25,FALSE,FALSE,0.00202125,4000,1,0.7825,0.60975,-0.480306960245903,-0.483647076005168,115.987104088392,0,0.99675
119,0.35,0.45,0.75,400,0.5,1,FALSE,FALSE,0.005630625,4000,1,0.572,0.81525,-0.186127093835144,-0.183855165738465,252.963110624279,0,0
120,0.35,0.45,0.75,400,0.5,1.25,FALSE,FALSE,0.003031875,4000,1,0.756,0.71675,-0.227569378445771,-0.221138894138062,116.304220354675,0,0.00075
121,0.35,0.45,1.25,150,0,1,FALSE,FALSE,0.00184275,3967,0.99175,0.859591630955382,0.498361482228384,-0.725211114986289,-0.719468880100072,17.6091963975197,0.979077388454752,0.982606503655155
122,0.35,0.45,1.25,150,0,1.25,FALSE,FALSE,0.00099225,3539,0.88475,0.884713195818028,0.441085052274654,-0.764253723317224,-0.770522747804297,10.3644279990733,0.999717434303476,0.97711217858152
123,0.35,0.45,1.25,150,0.5,1,FALSE,FALSE,0.002764125,3958,0.9895,0.844618494188984,0.601313794845882,-0.278662030500436,-0.275503368398159,17.5526479579766,0.981303688731683,0.141232945932289
124,0.35,0.45,1.25,150,0.5,1.25,FALSE,FALSE,0.001488375,3566,0.8915,0.901850813236119,0.462703309029725,-0.361751623777304,-0.365073083947842,10.3699874758827,1,0.210039259674706
125,0.35,0.45,1.25,400,0,1,FALSE,FALSE,0.00225225,4000,1,0.84325,0.51975,-0.666441840472926,-0.671326441137792,46.9148204642788,0.14125,1
126,0.35,0.45,1.25,400,0,1.25,FALSE,FALSE,0.00121275,4000,1,0.86725,0.507,-0.762621534936534,-0.736102503338075,24.3441314744811,0.9085,1
127,0.35,0.45,1.25,400,0.5,1,FALSE,FALSE,0.003378375,4000,1,0.776,0.689,-0.236277321307918,-0.23289242220168,46.5651115784044,0.1495,0.018
128,0.35,0.45,1.25,400,0.5,1.25,FALSE,FALSE,0.001819125,4000,1,0.85025,0.593,-0.307396908800622,-0.293637110944153,24.4424091850048,0.90125,0.07775
